Article Link ID,Articles,Name of tournament,Wikipedia link of the Tournament,Header  image ,Short summary of the article,Dates,Format,Champion,Champion Link,Runners Up,Runners Up Link,No of Teams,Host 1,Host 1 Card,Host 2,Host 2 Card,Host 3,Host 3 Card,Tournament year 1,Tournament Year 1 Card,Hosts year 1,Winners Year 1,Winner 1 Card,Runners year 1,Tournament year 2,Tournament Year 2 Card,Hosts year 2,Winners Year 2,Winner Card 2,Runners year 2,Tournament year 3,Tournament Year 3 Card,Hosts year 3,Winners Year 3,Winner Card 3,Runners year 3,Tournament year 4,Tournament Year 4 Card,Hosts year 4,Winners year 4,Winner Card 4,Runners year 4,Tournament year 5,Tournament Year 5 Card,Hosts year 5,Winners year 5,Winner Card 5,Runners year 5,Tournament year 6,Tournament Year 6 Card,Hosts year 6,Winners 6,Winner Card 6,Runners year 6,Tournament year 7,Tournament year 7 Card,Hosts year 7,Winners year 7,Winner Card 7,Runners year 7,Tournament year 8,Tournament year 8 Card,Hosts year 8,Winners year 8,Winner Card 8,Runners year 8,Tournament year 9,Tournament Year 9 Card,Hosts year 9,Winners year 9,Winner Card 9,Runners year 9,Tournament year 10,Tournament Year 10 Card,Hosts year 10,Winners year 10,Winner Card 10,Runners year 10,Tournament year 11,Tournament Year 11 Card,Hosts year 11,Winners year 11,Winner Card 11,Runners  year 11,Tournament year 12,Tournament Year 12 Card,Hosts year 12,Winners  year 12,Winner Card 12,Runners year 12,Man of the series,Link to the player's image,Country,Most runs scored/ Orange cap,Link to player's image ,Country,Most wickets taken/ purple cap,Link to the players image,Country,Champion Card ID,Runner Up Card ID
P15,"Individual tournament (like IPL 2017, 16, 15, World Cup 2011,15,09... etc)",2017 इंडियन प्रीमियर लीग,https://hi.wikipedia.org/wiki/%E0%A5%A8%E0%A5%A6%E0%A5%A7%E0%A5%AC_%E0%A4%87%E0%A4%82%E0%A4%A1%E0%A4%BF%E0%A4%AF%E0%A4%A8_%E0%A4%AA%E0%A5%8D%E0%A4%B0%E0%A5%80%E0%A4%AE%E0%A4%BF%E0%A4%AF%E0%A4%B0_%E0%A4%B2%E0%A5%80%E0%A4%97,https://commons.wikimedia.org/wiki/File:IPL_2017_evening.jpg,"इंडियन प्रीमियर लीग का 2017 का सीज़न, जिसे आईपीएल 10 और वीवो आईपीएल 2017 के नाम से जाना जाता है, आईपीएल का दसवां संस्करण था। 2017 का सीज़न 5 अप्रैल 2017 को शुरू हुआ और 21 मई 2017 को समाप्त हुआ। इसमें मुंबई इंडियंस ने जीत हासिल की।",14 फरवरी-मार्च 29,ट्वेंटी-20,मुंबई इंडियंस (तीसरा खिताब),R7,राइजिंग पुणे सुपरजायंट,,8,हैदराबाद,G13,बैंगलोर,G1,नई दिल्ली,G16,2008,P19,नई दिल्ली,राजस्थान रॉयल्स (पहला खिताब),R11,चेन्नई सुपर किंग्स,2009,P20,दक्षिण अफ्रीका,डेक्कन चार्जर्स (पहला खिताब),R12,रॉयल चैलेंजर्स बैंगलोर,2010,P12,भारत,चेन्नई सुपर किंग्स (पहला खिताब),R5,मुंबई इंडियंस,2011,P13,भारत,चेन्नई सुपर किंग्स (दूसरा खिताब),R5,रॉयल चैलेंजर्स बैंगलोर,2012,P21,भारत,कोलकाता नाइट राइडर्स (पहला खिताब),R10,चेन्नई सुपर किंग्स,2013,P22,भारत,मुंबई इंडियंस (पहला खिताब),R7,चेन्नई सुपर किंग्स,2014,P23,"भारत, यूएई",कोलकाता नाइट राइडर्स (दूसरा खिताब),R10,किंग्स इलेवन पंजाब,2015,P24,भारत,मुंबई इंडियंस (दूसरा खिताब),R7,चेन्नई सुपर किंग्स,2016,P14,भारत,सनराइजर्स हैदराबाद (पहला खिताब),R12,रॉयल चैलेंजर्स बैंगलोर,2017,P15,भारत,मुंबई इंडियंस (तीसरा खिताब),R7,राइजिंग पुणे सुपरजायंट,2018,P25,भारत,चेन्नई सुपर किंग्स (तीसरा खिताब),R5,सनराइजर्स हैदराबाद,,,,,,,बेन स्टोक्स,https://commons.wikimedia.org/wiki/File:BEN_STOKES_(11704837023).jpg,इंग्लैंड,डेविड वार्नर,https://commons.wikimedia.org/wiki/File:DAVID_WARNER_(11704782453).jpg,ऑस्ट्रेलिया,भुवनेश्वर कुमार,https://commons.wikimedia.org/wiki/File:Bhuvneshwar_Kumar.jpg,भारत,R7,
P14,"Individual tournament (like IPL 2017, 16, 15, World Cup 2011,15,09... etc)",2016 इंडियन प्रीमियर लीग,https://hi.wikipedia.org/wiki/%E0%A5%A8%E0%A5%A6%E0%A5%A7%E0%A5%AC_%E0%A4%87%E0%A4%82%E0%A4%A1%E0%A4%BF%E0%A4%AF%E0%A4%A8_%E0%A4%AA%E0%A5%8D%E0%A4%B0%E0%A5%80%E0%A4%AE%E0%A4%BF%E0%A4%AF%E0%A4%B0_%E0%A4%B2%E0%A5%80%E0%A4%97,https://commons.wikimedia.org/wiki/File:DY_Patil_IPL.jpg,इंडियन प्रीमियर लीग 2016 आईपीएल के नौवें सीज़न था।  इसे आईपीएल 9 के रूप से भी जाना जाता है। यह प्रायोजन कारणों के लिए विवो आईपीएल 2016 के रूप में ब्रांडेड हुआ था।,9 अप्रैल-मई 29,ट्वेंटी-20,सनराइजर्स हैदराबाद (पहला खिताब),R12,रॉयल चैलेंजर्स बैंगलोर,R6,8,बैंगलोर,G1,पुणे,SF2,मुंबई,G2,2008,P19,नई दिल्ली,राजस्थान रॉयल्स (पहला खिताब),R11,चेन्नई सुपर किंग्स,2009,P20,दक्षिण अफ्रीका,डेक्कन चार्जर्स (पहला खिताब),R12,रॉयल चैलेंजर्स बैंगलोर,2010,P12,भारत,चेन्नई सुपर किंग्स (पहला खिताब),R5,मुंबई इंडियंस,2011,P13,भारत,चेन्नई सुपर किंग्स (दूसरा खिताब),R5,रॉयल चैलेंजर्स बैंगलोर,2012,P21,भारत,कोलकाता नाइट राइडर्स (पहला खिताब),R10,चेन्नई सुपर किंग्स,2013,P22,भारत,मुंबई इंडियंस (पहला खिताब),R7,चेन्नई सुपर किंग्स,2014,P23,"भारत, यूएई",कोलकाता नाइट राइडर्स (दूसरा खिताब),R10,किंग्स इलेवन पंजाब,2015,P24,भारत,मुंबई इंडियंस (दूसरा खिताब),R7,चेन्नई सुपर किंग्स,2016,P14,भारत,सनराइजर्स हैदराबाद (पहला खिताब),R12,रॉयल चैलेंजर्स बैंगलोर,2017,P15,भारत,मुंबई इंडियंस (तीसरा खिताब),R7,राइजिंग पुणे सुपरजायंट,2018,P25,भारत,चेन्नई सुपर किंग्स (तीसरा खिताब),R5,सनराइजर्स हैदराबाद,,,,,,,विराट कोहली,https://commons.wikimedia.org/wiki/File:Virat..Kohli.jpg,भारत,विराट कोहली,https://commons.wikimedia.org/wiki/File:Virat..Kohli.jpg,भारत,भुवनेश्वर कुमार,https://commons.wikimedia.org/wiki/File:Bhuvneshwar_Kumar.jpg,भारत,R12,R6
P13,"Individual tournament (like IPL 2017, 16, 15, World Cup 2011,15,09... etc)",2011 इंडियन प्रीमियर लीग,https://hi.wikipedia.org/wiki/2011_%E0%A4%87%E0%A4%82%E0%A4%A1%E0%A4%BF%E0%A4%AF%E0%A4%A8_%E0%A4%AA%E0%A5%8D%E0%A4%B0%E0%A5%80%E0%A4%AE%E0%A4%BF%E0%A4%AF%E0%A4%B0_%E0%A4%B2%E0%A5%80%E0%A4%97,https://commons.wikimedia.org/wiki/File:Eden_gardens_ipl_2011.jpg,"2011 इंडियन प्रीमियर लीग सत्र, जो आईपीएल 4 या आईपीएल 2011 के रूप से भी बुलाया जाता था , भारत के शीर्ष ट्वेंटी -20 क्रिकेट लीग का चौथा सत्र था। ",8 अप्रैल - 28 मई,ट्वेंटी-20,चेन्नई सुपर किंग्स (दूसरा खिताब),R5,रॉयल चैलेंजर्स बैंगलोर,R6,10,चेन्नई,G11,मुंबई,G2,कोच्चि,,2008,P19,नई दिल्ली,राजस्थान रॉयल्स (पहला खिताब),R11,चेन्नई सुपर किंग्स,2009,P20,दक्षिण अफ्रीका,डेक्कन चार्जर्स (पहला खिताब),R12,रॉयल चैलेंजर्स बैंगलोर,2010,P12,भारत,चेन्नई सुपर किंग्स (पहला खिताब),R5,मुंबई इंडियंस,2011,P13,भारत,चेन्नई सुपर किंग्स (दूसरा खिताब),R5,रॉयल चैलेंजर्स बैंगलोर,2012,P21,भारत,कोलकाता नाइट राइडर्स (पहला खिताब),R10,चेन्नई सुपर किंग्स,2013,P22,भारत,मुंबई इंडियंस (पहला खिताब),R7,चेन्नई सुपर किंग्स,2014,P23,"भारत, यूएई",कोलकाता नाइट राइडर्स (दूसरा खिताब),R10,किंग्स इलेवन पंजाब,2015,P24,भारत,मुंबई इंडियंस (दूसरा खिताब),R7,चेन्नई सुपर किंग्स,2016,P14,भारत,सनराइजर्स हैदराबाद (पहला खिताब),R12,रॉयल चैलेंजर्स बैंगलोर,2017,P15,भारत,मुंबई इंडियंस (तीसरा खिताब),R7,राइजिंग पुणे सुपरजायंट,2018,P25,भारत,चेन्नई सुपर किंग्स (तीसरा खिताब),R5,सनराइजर्स हैदराबाद,,,,,,,क्रिस गेल,https://commons.wikimedia.org/wiki/File:ChrisGayle_Cropped.jpg,भारत,क्रिस गेल,https://commons.wikimedia.org/wiki/File:ChrisGayle_Cropped.jpg,जमैका,लसिथ मलिंगा,https://commons.wikimedia.org/wiki/File:Lasith_Malinga_tossing_a_cricket_ball_at_practice.jpg,श्रीलंका,R5,R6
P12,"Individual tournament (like IPL 2017, 16, 15, World Cup 2011,15,09... etc)",2010 इंडियन प्रीमियर लीग,https://hi.wikipedia.org/wiki/%E0%A5%A8%E0%A5%A6%E0%A5%A7%E0%A5%A6_%E0%A4%87%E0%A4%82%E0%A4%A1%E0%A4%BF%E0%A4%AF%E0%A4%A8_%E0%A4%AA%E0%A5%8D%E0%A4%B0%E0%A5%80%E0%A4%AE%E0%A4%BF%E0%A4%AF%E0%A4%B0_%E0%A4%B2%E0%A5%80%E0%A4%97,https://commons.wikimedia.org/wiki/File:Crowd_cheers_Sachin_Tendulkar_during_a_2010_IPL_match_(4464685754).jpg,"2010 इंडियन प्रीमियर लीग सत्र, जिसे आईपीएल 3 या आईपीएल 2010 से भी बुलाया जाता था, इंडियन प्रीमियर लीग के तीसरा सत्र था",12 मार्च -25 अप्रैल,डबल राउंड-रॉबिन और नॉकआउट,चेन्नई सुपर किंग्स (पहला खिताब),R5,मुंबई इंडियंस,R7,8,नागपुर,SF1,कटक,,मुंबई,G2,2008,P19,नई दिल्ली,राजस्थान रॉयल्स (पहला खिताब),R11,चेन्नई सुपर किंग्स,2009,P20,दक्षिण अफ्रीका,डेक्कन चार्जर्स (पहला खिताब),R12,रॉयल चैलेंजर्स बैंगलोर,2010,P12,भारत,चेन्नई सुपर किंग्स (पहला खिताब),R5,मुंबई इंडियंस,2011,P13,भारत,चेन्नई सुपर किंग्स (दूसरा खिताब),R5,रॉयल चैलेंजर्स बैंगलोर,2012,P21,भारत,कोलकाता नाइट राइडर्स (पहला खिताब),R10,चेन्नई सुपर किंग्स,2013,P22,भारत,मुंबई इंडियंस (पहला खिताब),R7,चेन्नई सुपर किंग्स,2014,P23,"भारत, यूएई",कोलकाता नाइट राइडर्स (दूसरा खिताब),R10,किंग्स इलेवन पंजाब,2015,P24,भारत,मुंबई इंडियंस (दूसरा खिताब),R7,चेन्नई सुपर किंग्स,2016,P14,भारत,सनराइजर्स हैदराबाद (पहला खिताब),R12,रॉयल चैलेंजर्स बैंगलोर,2017,P15,भारत,मुंबई इंडियंस (तीसरा खिताब),R7,राइजिंग पुणे सुपरजायंट,2018,P25,भारत,चेन्नई सुपर किंग्स (तीसरा खिताब),R5,सनराइजर्स हैदराबाद,,,,,,,लसिथ मलिंगा,https://commons.wikimedia.org/wiki/File:Lasith_Malinga_tossing_a_cricket_ball_at_practice.jpg,श्रीलंका,सचिन तेंडुलकर,https://commons.wikimedia.org/wiki/File:Sachin_Tendulkar_Autograph.jpg,भारत,प्रज्ञान ओझा,https://commons.wikimedia.org/wiki/File:PragyanOjha_.jpg,भारत,R5,R7
P8,"Individual tournament (like IPL 2017, 16, 15, World Cup 2011,15,09... etc)",2015 क्रिकेट विश्व कप,https://hi.wikipedia.org/wiki/%E0%A5%A8%E0%A5%A6%E0%A5%A7%E0%A5%AB_%E0%A4%95%E0%A5%8D%E0%A4%B0%E0%A4%BF%E0%A4%95%E0%A5%87%E0%A4%9F_%E0%A4%B5%E0%A4%BF%E0%A4%B6%E0%A5%8D%E0%A4%B5_%E0%A4%95%E0%A4%AA,https://en.wikipedia.org/wiki/File:2015_Cricket_World_Cup_Logo.svg,"2015 आईसीसी क्रिकेट विश्व कप 11 वीं क्रिकेट विश्व कप था,  जो संयुक्त रूप से ऑस्ट्रेलिया और न्यूजीलैंड द्वारा आयोजित किया गया",14 फरवरी-मार्च 29,वन डे इंटरनेशनल,ऑस्ट्रेलिया (पांचवां खिताब),R2,न्यूजीलैंड,R15,14,ऑस्ट्रेलिया,G4,न्यूजीलैंड,G8,,,1975,P26,इंग्लैंड,वेस्टइंडीज (पहला खिताब),R3,ऑस्ट्रेलिया,1979,P27,इंग्लैंड,वेस्टइंडीज (दूसरा खिताब),R3,इंग्लैंड,1983,P2,"इंग्लैंड, वेल्स",भारत (पहला खिताब),R1,वेस्टइंडीज,1987,P16,"भारत, पाकिस्तान",ऑस्ट्रेलिया (पहला खिताब),R2,इंग्लैंड,1992,P17,"ऑस्ट्रेलिया, न्यूजीलैंड",पाकिस्तान (पहला खिताब),R8,इंग्लैंड,1996,P3,"  भारत, पाकिस्तान, श्रीलंका",श्रीलंका (पहला खिताब),R13,ऑस्ट्रेलिया,1999,P4,"इंग्लैंड, स्कॉटलैंड, आयरलैंड, नीदरलैंड, वेल्स",ऑस्ट्रेलिया (दूसरा खिताब),R2,पाकिस्तान,2003,P5,"दक्षिण अफ्रीका, जिम्बाब्वे, केन्या",ऑस्ट्रेलिया (तीसरा खिताब),R2,भारत,2007,P6,वेस्टइंडीज,ऑस्ट्रेलिया (चौथा खिताब),R2,श्रीलंका,2011,P7,"भारत, श्रीलंका, बांग्लादेश",भारत (दूसरा खिताब),R1,श्रीलंका,2015,P8,"ऑस्ट्रेलिया, न्यूजीलैंड",ऑस्ट्रेलिया (पांचवां खिताब),R2,न्यूजीलैंड,2019,P18,"इंग्लैंड, वेल्स",,,,मिशेल स्टार्क,https://commons.wikimedia.org/wiki/File:MITCHELL_STARC_(6310554649).jpg,ऑस्ट्रेलिया,मार्टिन गप्टिल,https://commons.wikimedia.org/wiki/File:Martin_Guptill_2_(cropped).jpg,न्यूजीलैंड,"मिशेल स्टार्क, ट्रेंट बोल्ट",https://commons.wikimedia.org/wiki/File:MITCHELL_STARC_(6310554649).jpg,न्यूजीलैंड,R2,R15
P7,"Individual tournament (like IPL 2017, 16, 15, World Cup 2011,15,09... etc)",2011 क्रिकेट विश्व कप,https://hi.wikipedia.org/wiki/%E0%A5%A8%E0%A5%A6%E0%A5%A7%E0%A5%A7_%E0%A4%95%E0%A5%8D%E0%A4%B0%E0%A4%BF%E0%A4%95%E0%A5%87%E0%A4%9F_%E0%A4%B5%E0%A4%BF%E0%A4%B6%E0%A5%8D%E0%A4%B5_%E0%A4%95%E0%A4%AA,https://en.wikipedia.org/wiki/File:2011_Cricket_World_Cup_Logo.svg,"2011 आईसीसी क्रिकेट विश्व कप, दसवें क्रिकेट विश्व कप था। यह भारत, श्रीलंका (पहली बार के लिए), और बांग्लादेश में खेला गया था",19 फरवरी-2 अप्रैल,वन डे इंटरनेशनल,भारत (दूसरा खिताब),R1,श्रीलंका,R13,14,भारत,G3,श्रीलंका,G7,बांग्लादेश,,1975,P26,इंग्लैंड,वेस्टइंडीज (पहला खिताब),R3,ऑस्ट्रेलिया,1979,P27,इंग्लैंड,वेस्टइंडीज (दूसरा खिताब),R3,इंग्लैंड,1983,P2,"इंग्लैंड, वेल्स",भारत (पहला खिताब),R1,वेस्टइंडीज,1987,P16,"भारत, पाकिस्तान",ऑस्ट्रेलिया (पहला खिताब),R2,इंग्लैंड,1992,P17,"ऑस्ट्रेलिया, न्यूजीलैंड",पाकिस्तान (पहला खिताब),R8,इंग्लैंड,1996,P3,"  भारत, पाकिस्तान, श्रीलंका",श्रीलंका (पहला खिताब),R13,ऑस्ट्रेलिया,1999,P4,"इंग्लैंड, स्कॉटलैंड, आयरलैंड, नीदरलैंड, वेल्स",ऑस्ट्रेलिया (दूसरा खिताब),R2,पाकिस्तान,2003,P5,"दक्षिण अफ्रीका, जिम्बाब्वे, केन्या",ऑस्ट्रेलिया (तीसरा खिताब),R2,भारत,2007,P6,वेस्टइंडीज,ऑस्ट्रेलिया (चौथा खिताब),R2,श्रीलंका,2011,P7,"भारत, श्रीलंका, बांग्लादेश",भारत (दूसरा खिताब),R1,श्रीलंका,2015,P8,"ऑस्ट्रेलिया, न्यूजीलैंड",ऑस्ट्रेलिया (पांचवां खिताब),R2,न्यूजीलैंड,2019,P18,"इंग्लैंड, वेल्स",,,,युवराज सिंह,https://commons.wikimedia.org/wiki/File:Yuvraj_Singh_appointed_as_Ulysse_Nardin_watch_brand_ambassador.jpeg,भारत,तिलकरत्ने दिलशान,https://commons.wikimedia.org/wiki/File:Tillakaratne_Dilshan_portrait.jpg,श्रीलंका,"जहीर खान, शाहिद अफरीदी",https://commons.wikimedia.org/wiki/File:Zaheer_khan_72.jpg,"भारत, पाकिस्तान",R1,R13
P6,"Individual tournament (like IPL 2017, 16, 15, World Cup 2011,15,09... etc)",2007 क्रिकेट विश्व कप,https://hi.wikipedia.org/wiki/%E0%A5%A8%E0%A5%A6%E0%A5%A6%E0%A5%AD_%E0%A4%95%E0%A5%8D%E0%A4%B0%E0%A4%BF%E0%A4%95%E0%A5%87%E0%A4%9F_%E0%A4%B5%E0%A4%BF%E0%A4%B6%E0%A5%8D%E0%A4%B5_%E0%A4%95%E0%A4%AA,https://en.wikipedia.org/wiki/File:2007_Cricket_World_Cup_logo.svg,2007 का क्रिकेट विश्व कप (जिसे आधिकारिक तौर पर आईसीसी क्रिकेट विश्व कप 2007 के रूप में जाना जाता है) क्रिकेट विश्व कप टूर्नामेंट का 9वां संस्करण था जो एक दिवसीय अंतर्राष्ट्रीय (वनडे) प्रारूप में 13 मार्च से 28 अप्रैल 2007 तक वेस्टइंडीज में आयोजित हुआ था।,13 मार्च-अप्रैल 28,वन डे इंटरनेशनल,ऑस्ट्रेलिया (चौथा खिताब),R2,श्रीलंका,R13,16,वेस्ट इंडीज,SF98,,,,,1975,P26,इंग्लैंड,वेस्टइंडीज (पहला खिताब),R3,ऑस्ट्रेलिया,1979,P27,इंग्लैंड,वेस्टइंडीज (दूसरा खिताब),R3,इंग्लैंड,1983,P2,"इंग्लैंड, वेल्स",भारत (पहला खिताब),R1,वेस्टइंडीज,1987,P16,"भारत, पाकिस्तान",ऑस्ट्रेलिया (पहला खिताब),R2,इंग्लैंड,1992,P17,"ऑस्ट्रेलिया, न्यूजीलैंड",पाकिस्तान (पहला खिताब),R8,इंग्लैंड,1996,P3,"  भारत, पाकिस्तान, श्रीलंका",श्रीलंका (पहला खिताब),R13,ऑस्ट्रेलिया,1999,P4,"इंग्लैंड, स्कॉटलैंड, आयरलैंड, नीदरलैंड, वेल्स",ऑस्ट्रेलिया (दूसरा खिताब),R2,पाकिस्तान,2003,P5,"दक्षिण अफ्रीका, जिम्बाब्वे, केन्या",ऑस्ट्रेलिया (तीसरा खिताब),R2,भारत,2007,P6,वेस्टइंडीज,ऑस्ट्रेलिया (चौथा खिताब),R2,श्रीलंका,2011,P7,"भारत, श्रीलंका, बांग्लादेश",भारत (दूसरा खिताब),R1,श्रीलंका,2015,P8,"ऑस्ट्रेलिया, न्यूजीलैंड",ऑस्ट्रेलिया (पांचवां खिताब),R2,न्यूजीलैंड,2019,P18,"इंग्लैंड, वेल्स",,,,ग्लेन मैकग्रा,"https://commons.wikimedia.org/wiki/File:Glenn_McGrath_in_Circular_Quay,_Sydney,_Australia,_2018-02-03.jpg",ऑस्ट्रेलिया,मैथ्यू हेडन,https://commons.wikimedia.org/wiki/File:Matt_Hayden.jpg,ऑस्ट्रेलिया,ग्लेन मैकग्रा,"https://commons.wikimedia.org/wiki/File:Glenn_McGrath_in_Circular_Quay,_Sydney,_Australia,_2018-02-03.jpg",ऑस्ट्रेलिया,R2,R13
P5,"Individual tournament (like IPL 2017, 16, 15, World Cup 2011,15,09... etc)",2003 क्रिकेट विश्व कप,https://hi.wikipedia.org/wiki/%E0%A5%A8%E0%A5%A6%E0%A5%A6%E0%A5%A9_%E0%A4%95%E0%A5%8D%E0%A4%B0%E0%A4%BF%E0%A4%95%E0%A5%87%E0%A4%9F_%E0%A4%B5%E0%A4%BF%E0%A4%B6%E0%A5%8D%E0%A4%B5_%E0%A4%95%E0%A4%AA,https://en.wikipedia.org/wiki/File:Cricket_World_Cup_Logo_2003.svg,"2003 का क्रिकेट विश्व कप आठवां क्रिकेट विश्व कप था, जिसे अंतर्राष्ट्रीय क्रिकेट परिषद (आईसीसी) ने आयोजित किया था। इसकी मेजबानी दक्षिण अफ्रीका, जिम्बाब्वे और केन्या ने मिल कर की थी।",9 फरवरी-मार्च 23,वन डे इंटरनेशनल,ऑस्ट्रेलिया (तीसरा खिताब),R2,भारत,R1,14,दक्षिण अफ्रीका,G6,जिम्बाब्वे,,केन्या,,1975,P26,इंग्लैंड,वेस्टइंडीज (पहला खिताब),R3,ऑस्ट्रेलिया,1979,P27,इंग्लैंड,वेस्टइंडीज (दूसरा खिताब),R3,इंग्लैंड,1983,P2,"इंग्लैंड, वेल्स",भारत (पहला खिताब),R1,वेस्टइंडीज,1987,P16,"भारत, पाकिस्तान",ऑस्ट्रेलिया (पहला खिताब),R2,इंग्लैंड,1992,P17,"ऑस्ट्रेलिया, न्यूजीलैंड",पाकिस्तान (पहला खिताब),R8,इंग्लैंड,1996,P3,"  भारत, पाकिस्तान, श्रीलंका",श्रीलंका (पहला खिताब),R13,ऑस्ट्रेलिया,1999,P4,"इंग्लैंड, स्कॉटलैंड, आयरलैंड, नीदरलैंड, वेल्स",ऑस्ट्रेलिया (दूसरा खिताब),R2,पाकिस्तान,2003,P5,"दक्षिण अफ्रीका, जिम्बाब्वे, केन्या",ऑस्ट्रेलिया (तीसरा खिताब),R2,भारत,2007,P6,वेस्टइंडीज,ऑस्ट्रेलिया (चौथा खिताब),R2,श्रीलंका,2011,P7,"भारत, श्रीलंका, बांग्लादेश",भारत (दूसरा खिताब),R1,श्रीलंका,2015,P8,"ऑस्ट्रेलिया, न्यूजीलैंड",ऑस्ट्रेलिया (पांचवां खिताब),R2,न्यूजीलैंड,2019,P18,"इंग्लैंड, वेल्स",,,,सचिन तेंडुलकर,https://commons.wikimedia.org/wiki/File:Sachin_Tendulkar_at_MRF_Promotion_Event.jpg,भारत,सचिन तेंडुलकर,https://en.wikipedia.org/wiki/File:Sachin_Tendulkar_at_MRF_Promotion_Event.jpg,भारत,चमिंडा वास,https://commons.wikimedia.org/wiki/File:Chaminda_Vaas.jpg,श्रीलंका,R2,R1
P4,"Individual tournament (like IPL 2017, 16, 15, World Cup 2011,15,09... etc)",1999 क्रिकेट विश्व कप,https://hi.wikipedia.org/wiki/1999_%E0%A4%95%E0%A5%8D%E0%A4%B0%E0%A4%BF%E0%A4%95%E0%A5%87%E0%A4%9F_%E0%A4%B5%E0%A4%BF%E0%A4%B6%E0%A5%8D%E0%A4%B5_%E0%A4%95%E0%A4%AA,https://en.wikipedia.org/wiki/File:Wc99.png,"1999 का क्रिकेट विश्व कप क्रिकेट विश्व कप का सातवां संस्करण था, जिसे अंतर्राष्ट्रीय क्रिकेट परिषद (आईसीसी) ने आयोजित किया था। इसकी मेज़बानी मुख्य रूप से इंग्लैंड ने की थी, जिसमें कुछ मैच स्कॉटलैंड, आयरलैंड, वेल्स और नीदरलैंड में भी खेले गए थे।",14 मई-जून 20,वन डे इंटरनेशनल,ऑस्ट्रेलिया (दूसरा खिताब),R2,पाकिस्तान,R8,12,इंग्लैंड,G10,स्कॉटलैंड,,"आयरलैंड, नीदरलैंड, वेल्स",,1975,P26,इंग्लैंड,वेस्टइंडीज (पहला खिताब),R3,ऑस्ट्रेलिया,1979,P27,इंग्लैंड,वेस्टइंडीज (दूसरा खिताब),R3,इंग्लैंड,1983,P2,"इंग्लैंड, वेल्स",भारत (पहला खिताब),R1,वेस्टइंडीज,1987,P16,"भारत, पाकिस्तान",ऑस्ट्रेलिया (पहला खिताब),R2,इंग्लैंड,1992,P17,"ऑस्ट्रेलिया, न्यूजीलैंड",पाकिस्तान (पहला खिताब),R8,इंग्लैंड,1996,P3,"  भारत, पाकिस्तान, श्रीलंका",श्रीलंका (पहला खिताब),R13,ऑस्ट्रेलिया,1999,P4,"इंग्लैंड, स्कॉटलैंड, आयरलैंड, नीदरलैंड, वेल्स",ऑस्ट्रेलिया (दूसरा खिताब),R2,पाकिस्तान,2003,P5,"दक्षिण अफ्रीका, जिम्बाब्वे, केन्या",ऑस्ट्रेलिया (तीसरा खिताब),R2,भारत,2007,P6,वेस्टइंडीज,ऑस्ट्रेलिया (चौथा खिताब),R2,श्रीलंका,2011,P7,"भारत, श्रीलंका, बांग्लादेश",भारत (दूसरा खिताब),R1,श्रीलंका,2015,P8,"ऑस्ट्रेलिया, न्यूजीलैंड",ऑस्ट्रेलिया (पांचवां खिताब),R2,न्यूजीलैंड,2019,P18,"इंग्लैंड, वेल्स",,,,लांस क्लूजनर,,दक्षिण अफ्रीका,राहुल द्रविड़,https://commons.wikimedia.org/wiki/File:Rahul_Dravid_at_GQ_Men_Of_The_Year_2012_AWARD.jpg,भारत,ज्योफ अलॉट; शेन वार्न,https://commons.wikimedia.org/wiki/File:Shane_Warne_bowling_2009.jpg,न्यूजीलैंड; ऑस्ट्रेलिया,R2,R8
P3,"Individual tournament (like IPL 2017, 16, 15, World Cup 2011,15,09... etc)",1996 क्रिकेट विश्व कप,https://hi.wikipedia.org/wiki/%E0%A5%A7%E0%A5%AF%E0%A5%AF%E0%A5%AC_%E0%A4%95%E0%A5%8D%E0%A4%B0%E0%A4%BF%E0%A4%95%E0%A5%87%E0%A4%9F_%E0%A4%B5%E0%A4%BF%E0%A4%B6%E0%A5%8D%E0%A4%B5_%E0%A4%95%E0%A4%AA,https://en.wikipedia.org/wiki/File:Wills_World_Cup_1996.svg,"1996 क्रिकेट विश्व कप, जिसे उसके आधिकारिक प्रायोजकों (आईटीसी के विल्स ब्रांड) के नाम पर, विल्स वर्ल्ड कप 1996 भी कहा जाता है, छठा क्रिकेट विश्व कप था। यह पाकिस्तान और भारत द्वारा आयोजित होने वाला दूसरा, और श्रीलंका आयोजित होने वाला पहला विश्व कप था।",14 फरवरी-मार्च 17,वन डे इंटरनेशनल,श्रीलंका (पहला खिताब),R13,ऑस्ट्रेलिया,R2,12,भारत,G3,पाकिस्तान,G5,श्रीलंका,G7,1975,P26,इंग्लैंड,वेस्टइंडीज (पहला खिताब),R3,ऑस्ट्रेलिया,1979,P27,इंग्लैंड,वेस्टइंडीज (दूसरा खिताब),R3,इंग्लैंड,1983,P2,"इंग्लैंड, वेल्स",भारत (पहला खिताब),R1,वेस्टइंडीज,1987,P16,"भारत, पाकिस्तान",ऑस्ट्रेलिया (पहला खिताब),R2,इंग्लैंड,1992,P17,"ऑस्ट्रेलिया, न्यूजीलैंड",पाकिस्तान (पहला खिताब),R8,इंग्लैंड,1996,P3,"  भारत, पाकिस्तान, श्रीलंका",श्रीलंका (पहला खिताब),R13,ऑस्ट्रेलिया,1999,P4,"इंग्लैंड, स्कॉटलैंड, आयरलैंड, नीदरलैंड, वेल्स",ऑस्ट्रेलिया (दूसरा खिताब),R2,पाकिस्तान,2003,P5,"दक्षिण अफ्रीका, जिम्बाब्वे, केन्या",ऑस्ट्रेलिया (तीसरा खिताब),R2,भारत,2007,P6,वेस्टइंडीज,ऑस्ट्रेलिया (चौथा खिताब),R2,श्रीलंका,2011,P7,"भारत, श्रीलंका, बांग्लादेश",भारत (दूसरा खिताब),R1,श्रीलंका,2015,P8,"ऑस्ट्रेलिया, न्यूजीलैंड",ऑस्ट्रेलिया (पांचवां खिताब),R2,न्यूजीलैंड,2019,P18,"इंग्लैंड, वेल्स",,,,सनत जयसूर्या,https://commons.wikimedia.org/wiki/File:Sanath_jayasuriya_portrait.jpg,श्रीलंका,सचिन तेंडुलकर,https://en.wikipedia.org/wiki/File:Sachin_Tendulkar_at_MRF_Promotion_Event.jpg,भारत,अनिल कुंबले,https://commons.wikimedia.org/wiki/File:Kumble_edited.jpg,भारत,R13,R2
P2,"Individual tournament (like IPL 2017, 16, 15, World Cup 2011,15,09... etc)",1983 क्रिकेट विश्व कप,https://hi.wikipedia.org/wiki/%E0%A5%A7%E0%A5%AF%E0%A5%AE%E0%A5%A9_%E0%A4%95%E0%A5%8D%E0%A4%B0%E0%A4%BF%E0%A4%95%E0%A5%87%E0%A4%9F_%E0%A4%B5%E0%A4%BF%E0%A4%B6%E0%A5%8D%E0%A4%B5_%E0%A4%95%E0%A4%AA,https://en.wikipedia.org/wiki/File:Prudential_Cup_83_logo.svg,1983 क्रिकेट विश्व कप (आधिकारिक रूप से प्रूडेंशियल कप '83) क्रिकेट विश्व कप टूर्नामेंट का तीसरा संस्करण था। यह 9 जून से 25 जून 1983 तक इंग्लैंड और वेल्स में आयोजित किया गया था और इसे भारत ने जीता था।,9 जून-25 जून,वन डे इंटरनेशनल,भारत (पहला खिताब),R1,वेस्ट इंडीज,R3,8,इंग्लैंड,G10,वेल्स,,,,1975,P26,इंग्लैंड,वेस्टइंडीज (पहला खिताब),R3,ऑस्ट्रेलिया,1979,P27,इंग्लैंड,वेस्टइंडीज (दूसरा खिताब),R3,इंग्लैंड,1983,P2,"इंग्लैंड, वेल्स",भारत (पहला खिताब),R1,वेस्टइंडीज,1987,P16,"भारत, पाकिस्तान",ऑस्ट्रेलिया (पहला खिताब),R2,इंग्लैंड,1992,P17,"ऑस्ट्रेलिया, न्यूजीलैंड",पाकिस्तान (पहला खिताब),R8,इंग्लैंड,1996,P3,"  भारत, पाकिस्तान, श्रीलंका",श्रीलंका (पहला खिताब),R13,ऑस्ट्रेलिया,1999,P4,"इंग्लैंड, स्कॉटलैंड, आयरलैंड, नीदरलैंड, वेल्स",ऑस्ट्रेलिया (दूसरा खिताब),R2,पाकिस्तान,2003,P5,"दक्षिण अफ्रीका, जिम्बाब्वे, केन्या",ऑस्ट्रेलिया (तीसरा खिताब),R2,भारत,2007,P6,वेस्टइंडीज,ऑस्ट्रेलिया (चौथा खिताब),R2,श्रीलंका,2011,P7,"भारत, श्रीलंका, बांग्लादेश",भारत (दूसरा खिताब),R1,श्रीलंका,2015,P8,"ऑस्ट्रेलिया, न्यूजीलैंड",ऑस्ट्रेलिया (पांचवां खिताब),R2,न्यूजीलैंड,2019,P18,"इंग्लैंड, वेल्स",,,,1983 में मैन ऑफ द सीरीज़ नहीं दिया गया,,,डेविड गावर,https://commons.wikimedia.org/wiki/File:David_Gower.jpg,इंग्लैंड,रोजर बिन्नी,https://commons.wikimedia.org/wiki/File:Roger_Binny_2018.jpg,भारत,R1,R3
P16,"Individual tournament (like IPL 2017, 16, 15, World Cup 2011,15,09... etc)",1987 क्रिकेट विश्व कप,https://hi.wikipedia.org/wiki/1987_%E0%A4%95%E0%A5%8D%E0%A4%B0%E0%A4%BF%E0%A4%95%E0%A5%87%E0%A4%9F_%E0%A4%B5%E0%A4%BF%E0%A4%B6%E0%A5%8D%E0%A4%B5_%E0%A4%95%E0%A4%AA,https://en.wikipedia.org/wiki/File:Worldcup1987.jpg,1987 क्रिकेट विश्व कप (जिसे प्रायोजक के कारण रिलायंस कप 1987 के नाम से जाना जाता है) आईसीसी क्रिकेट विश्व कप टूर्नामेंट का चौथा संस्करण था। यह भारत और पाकिस्तान में 8 अक्टूबर से 8 नवंबर 1987 तक आयोजित किया गया था।,8 अक्टूबर-नवंबर 8,वन डे इंटरनेशनल,ऑस्ट्रेलिया (पहला खिताब),R2,इंग्लैंड,R4,8,भारत,G3,पाकिस्तान,G5,,,1975,P26,इंग्लैंड,वेस्टइंडीज (पहला खिताब),R3,ऑस्ट्रेलिया,1979,P27,इंग्लैंड,वेस्टइंडीज (दूसरा खिताब),R3,इंग्लैंड,1983,P2,"इंग्लैंड, वेल्स",भारत (पहला खिताब),R1,वेस्टइंडीज,1987,P16,"भारत, पाकिस्तान",ऑस्ट्रेलिया (पहला खिताब),R2,इंग्लैंड,1992,P17,"ऑस्ट्रेलिया, न्यूजीलैंड",पाकिस्तान (पहला खिताब),R8,इंग्लैंड,1996,P3,"  भारत, पाकिस्तान, श्रीलंका",श्रीलंका (पहला खिताब),R13,ऑस्ट्रेलिया,1999,P4,"इंग्लैंड, स्कॉटलैंड, आयरलैंड, नीदरलैंड, वेल्स",ऑस्ट्रेलिया (दूसरा खिताब),R2,पाकिस्तान,2003,P5,"दक्षिण अफ्रीका, जिम्बाब्वे, केन्या",ऑस्ट्रेलिया (तीसरा खिताब),R2,भारत,2007,P6,वेस्टइंडीज,ऑस्ट्रेलिया (चौथा खिताब),R2,श्रीलंका,2011,P7,"भारत, श्रीलंका, बांग्लादेश",भारत (दूसरा खिताब),R1,श्रीलंका,2015,P8,"ऑस्ट्रेलिया, न्यूजीलैंड",ऑस्ट्रेलिया (पांचवां खिताब),R2,न्यूजीलैंड,2019,P18,"इंग्लैंड, वेल्स",,,,1987 में मैन ऑफ द सीरीज़ नहीं दिया गया,,,ग्राहम गूच,https://commons.wikimedia.org/wiki/File:Graham_Gooch_01.jpg,इंग्लैंड,क्रेग मैकडरमॉट,https://commons.wikimedia.org/wiki/File:Bruce_Reid_%26_Craig_McDermott_-_At_Victoria_University_Wellington_-_1986_(16311415749).jpg,ऑस्ट्रेलिया,R2,R4
P17,"Individual tournament (like IPL 2017, 16, 15, World Cup 2011,15,09... etc)",1992 क्रिकेट विश्व कप,https://hi.wikipedia.org/wiki/%E0%A5%A7%E0%A5%AF%E0%A5%AF%E0%A5%A8_%E0%A4%95%E0%A5%8D%E0%A4%B0%E0%A4%BF%E0%A4%95%E0%A5%87%E0%A4%9F_%E0%A4%B5%E0%A4%BF%E0%A4%B6%E0%A5%8D%E0%A4%B5_%E0%A4%95%E0%A4%AA,https://en.wikipedia.org/wiki/File:World_Cup_1992_logo.svg,"1992 क्रिकेट विश्व कप (आधिकारिक तौर पर बेंसन एंड हेजेस विश्व कप 1992) क्रिकेट विश्व कप का पांचवा टूर्नामेंट था, जिसका आयोजन अंतर्राष्ट्रीय क्रिकेट परिषद (आईसीसी) द्वारा किया गया था। यह 22 फरवरी से 25 मार्च 1992 तक ऑस्ट्रेलिया और न्यूजीलैंड में आयोजित किया गया था और फाइनल में इंग्लैंड को हराकर पाकिस्तान पहली बार विश्व कप चैंपियन बना था।",22 फरवरी-मार्च 25,वन डे इंटरनेशनल,पाकिस्तान (पहला खिताब),R8,इंग्लैंड,R4,9,ऑस्ट्रेलिया,G4,न्यूजीलैंड,G8,,,1975,P26,इंग्लैंड,वेस्टइंडीज (पहला खिताब),R3,ऑस्ट्रेलिया,1979,P27,इंग्लैंड,वेस्टइंडीज (दूसरा खिताब),R3,इंग्लैंड,1983,P2,"इंग्लैंड, वेल्स",भारत (पहला खिताब),R1,वेस्टइंडीज,1987,P16,"भारत, पाकिस्तान",ऑस्ट्रेलिया (पहला खिताब),R2,इंग्लैंड,1992,P17,"ऑस्ट्रेलिया, न्यूजीलैंड",पाकिस्तान (पहला खिताब),R8,इंग्लैंड,1996,P3,"  भारत, पाकिस्तान, श्रीलंका",श्रीलंका (पहला खिताब),R13,ऑस्ट्रेलिया,1999,P4,"इंग्लैंड, स्कॉटलैंड, आयरलैंड, नीदरलैंड, वेल्स",ऑस्ट्रेलिया (दूसरा खिताब),R2,पाकिस्तान,2003,P5,"दक्षिण अफ्रीका, जिम्बाब्वे, केन्या",ऑस्ट्रेलिया (तीसरा खिताब),R2,भारत,2007,P6,वेस्टइंडीज,ऑस्ट्रेलिया (चौथा खिताब),R2,श्रीलंका,2011,P7,"भारत, श्रीलंका, बांग्लादेश",भारत (दूसरा खिताब),R1,श्रीलंका,2015,P8,"ऑस्ट्रेलिया, न्यूजीलैंड",ऑस्ट्रेलिया (पांचवां खिताब),R2,न्यूजीलैंड,2019,P18,"इंग्लैंड, वेल्स",,,,मार्टिन क्रो,https://en.wikipedia.org/wiki/Martin_Crowe#/media/File:Martin_Crowe_2011.jpg,न्यूजीलैंड,मार्टिन क्रो (456),https://commons.wikimedia.org/wiki/File:Martin_Crowe_2011.jpg,न्यूजीलैंड,वसीम अकरम (18),https://commons.wikimedia.org/wiki/File:Wasim-akram-gesf-2018-7878.jpg,पाकिस्तान,R8,R4
P18,"Individual tournament (like IPL 2017, 16, 15, World Cup 2011,15,09... etc)",2019 क्रिकेट विश्व कप,https://hi.wikipedia.org/wiki/%E0%A5%A8%E0%A5%A6%E0%A5%A7%E0%A5%AF_%E0%A4%95%E0%A5%8D%E0%A4%B0%E0%A4%BF%E0%A4%95%E0%A5%87%E0%A4%9F_%E0%A4%B5%E0%A4%BF%E0%A4%B6%E0%A5%8D%E0%A4%B5_%E0%A4%95%E0%A4%AA,https://en.wikipedia.org/wiki/File:ICC_Cricket_World_Cup_2019_logo.svg,2019 क्रिकेट विश्व कप (आधिकारिक तौर पर आईसीसी क्रिकेट विश्व कप 2019) क्रिकेट विश्व कप का 12वां संस्करण था जो 30 मई से 14 जुलाई 2019 तक इंग्लैंड और वेल्स द्वारा आयोजित हुआ।,30 मई-14 जुलाई,वन डे इंटरनेशनल,,,,,10,इंग्लैंड,G10,वेल्स,,,,1975,P26,इंग्लैंड,वेस्टइंडीज (पहला खिताब),R3,ऑस्ट्रेलिया,1979,P27,इंग्लैंड,वेस्टइंडीज (दूसरा खिताब),R3,इंग्लैंड,1983,P2,"इंग्लैंड, वेल्स",भारत (पहला खिताब),R1,वेस्टइंडीज,1987,P16,"भारत, पाकिस्तान",ऑस्ट्रेलिया (पहला खिताब),R2,इंग्लैंड,1992,P17,"ऑस्ट्रेलिया, न्यूजीलैंड",पाकिस्तान (पहला खिताब),R8,इंग्लैंड,1996,P3,"  भारत, पाकिस्तान, श्रीलंका",श्रीलंका (पहला खिताब),R13,ऑस्ट्रेलिया,1999,P4,"इंग्लैंड, स्कॉटलैंड, आयरलैंड, नीदरलैंड, वेल्स",ऑस्ट्रेलिया (दूसरा खिताब),R2,पाकिस्तान,2003,P5,"दक्षिण अफ्रीका, जिम्बाब्वे, केन्या",ऑस्ट्रेलिया (तीसरा खिताब),R2,भारत,2007,P6,वेस्टइंडीज,ऑस्ट्रेलिया (चौथा खिताब),R2,श्रीलंका,2011,P7,"भारत, श्रीलंका, बांग्लादेश",भारत (दूसरा खिताब),R1,श्रीलंका,2015,P8,"ऑस्ट्रेलिया, न्यूजीलैंड",ऑस्ट्रेलिया (पांचवां खिताब),R2,न्यूजीलैंड,2019,P18,"इंग्लैंड, वेल्स",,,,,,,,,,,,,,
P26,"Individual tournament (like IPL 2017, 16, 15, World Cup 2011,15,09... etc)",1975 क्रिकेट विश्व कप,https://hi.wikipedia.org/wiki/%E0%A5%A7%E0%A5%AF%E0%A5%AD%E0%A5%AB_%E0%A4%95%E0%A5%8D%E0%A4%B0%E0%A4%BF%E0%A4%95%E0%A5%87%E0%A4%9F_%E0%A4%B5%E0%A4%BF%E0%A4%B6%E0%A5%8D%E0%A4%B5_%E0%A4%95%E0%A4%AA,https://en.wikipedia.org/wiki/File:Prudential_Cup_75_logo.svg,1975 क्रिकेट विश्व कप (जिसे आधिकारिक रूप से प्रूडेंशियल कप '75 कहा जाता है) इंटरनेशनल क्रिकेट कॉन्फ्रेंस (आईसीसी) द्वारा आयोजित क्रिकेट विश्व कप का पहला संस्करण था और सीमित ओवरों का पहला बड़ा अंतर्राष्ट्रीय एक दिवसीय (वनडे) क्रिकेट टूर्नामेंट था। यह इंग्लैंड में 7 से 21 जून 1975 तक आयोजित किया गया था।,7 जून-21 जून,वन डे इंटरनेशनल,वेस्टइंडीज (पहला खिताब),R3,ऑस्ट्रेलिया,R2,8,इंग्लैंड,G10,,,,,1975,P26,इंग्लैंड,वेस्टइंडीज (पहला खिताब),R3,ऑस्ट्रेलिया,1979,P27,इंग्लैंड,वेस्टइंडीज (दूसरा खिताब),R3,इंग्लैंड,1983,P2,"इंग्लैंड, वेल्स",भारत (पहला खिताब),R1,वेस्टइंडीज,1987,P16,"भारत, पाकिस्तान",ऑस्ट्रेलिया (पहला खिताब),R2,इंग्लैंड,1992,P17,"ऑस्ट्रेलिया, न्यूजीलैंड",पाकिस्तान (पहला खिताब),R8,इंग्लैंड,1996,P3,"  भारत, पाकिस्तान, श्रीलंका",श्रीलंका (पहला खिताब),R13,ऑस्ट्रेलिया,1999,P4,"इंग्लैंड, स्कॉटलैंड, आयरलैंड, नीदरलैंड, वेल्स",ऑस्ट्रेलिया (दूसरा खिताब),R2,पाकिस्तान,2003,P5,"दक्षिण अफ्रीका, जिम्बाब्वे, केन्या",ऑस्ट्रेलिया (तीसरा खिताब),R2,भारत,2007,P6,वेस्टइंडीज,ऑस्ट्रेलिया (चौथा खिताब),R2,श्रीलंका,2011,P7,"भारत, श्रीलंका, बांग्लादेश",भारत (दूसरा खिताब),R1,श्रीलंका,2015,P8,"ऑस्ट्रेलिया, न्यूजीलैंड",ऑस्ट्रेलिया (पांचवां खिताब),R2,न्यूजीलैंड,2019,P18,"इंग्लैंड, वेल्स",,,,1975  में मैन ऑफ द सीरीज़ नहीं दिया गया,,,ग्लेन टर्नर (333),,न्यूजीलैंड,गैरी गिल्मर (11),,ऑस्ट्रेलिया,R3,R2
P27,"Individual tournament (like IPL 2017, 16, 15, World Cup 2011,15,09... etc)",1979 क्रिकेट विश्व कप,https://hi.wikipedia.org/wiki/%E0%A5%A7%E0%A5%AF%E0%A5%AD%E0%A5%AF_%E0%A4%95%E0%A5%8D%E0%A4%B0%E0%A4%BF%E0%A4%95%E0%A5%87%E0%A4%9F_%E0%A4%B5%E0%A4%BF%E0%A4%B6%E0%A5%8D%E0%A4%B5_%E0%A4%95%E0%A4%AA,https://en.wikipedia.org/wiki/File:Prudential_Cup_79_logo.svg,1979 क्रिकेट विश्व कप (आधिकारिक रूप से प्रूडेंशियल कप '79) क्रिकेट विश्व कप का दूसरा संस्करण था और इसे वेस्टइंडीज ने जीता था जिसने चार साल पहले वाला उद्घाटन टूर्नामेंट भी जीता था। यह इंग्लैंड में 9 से 23 जून 1979 तक आयोजित किया गया था।,9 जून-23 जून,वन डे इंटरनेशनल,वेस्टइंडीज (दूसरा खिताब),R3,इंग्लैंड,R4,8,इंग्लैंड,G10,,,,,1975,P26,इंग्लैंड,वेस्टइंडीज (पहला खिताब),R3,ऑस्ट्रेलिया,1979,P27,इंग्लैंड,वेस्टइंडीज (दूसरा खिताब),R3,इंग्लैंड,1983,P2,"इंग्लैंड, वेल्स",भारत (पहला खिताब),R1,वेस्टइंडीज,1987,P16,"भारत, पाकिस्तान",ऑस्ट्रेलिया (पहला खिताब),R2,इंग्लैंड,1992,P17,"ऑस्ट्रेलिया, न्यूजीलैंड",पाकिस्तान (पहला खिताब),R8,इंग्लैंड,1996,P3,"  भारत, पाकिस्तान, श्रीलंका",श्रीलंका (पहला खिताब),R13,ऑस्ट्रेलिया,1999,P4,"इंग्लैंड, स्कॉटलैंड, आयरलैंड, नीदरलैंड, वेल्स",ऑस्ट्रेलिया (दूसरा खिताब),R2,पाकिस्तान,2003,P5,"दक्षिण अफ्रीका, जिम्बाब्वे, केन्या",ऑस्ट्रेलिया (तीसरा खिताब),R2,भारत,2007,P6,वेस्टइंडीज,ऑस्ट्रेलिया (चौथा खिताब),R2,श्रीलंका,2011,P7,"भारत, श्रीलंका, बांग्लादेश",भारत (दूसरा खिताब),R1,श्रीलंका,2015,P8,"ऑस्ट्रेलिया, न्यूजीलैंड",ऑस्ट्रेलिया (पांचवां खिताब),R2,न्यूजीलैंड,2019,P18,"इंग्लैंड, वेल्स",,,,विव रिचर्ड्स,https://en.wikipedia.org/wiki/Viv_Richards#/media/File:Sir_Vivian_Richards.jpg,वेस्टइंडीज,गॉर्डन ग्रीनिज (253),,वेस्टइंडीज,माइक हेंड्रिक (10),,इंग्लैंड,R3,R4
P19,"Individual tournament (like IPL 2017, 16, 15, World Cup 2011,15,09... etc)",2008 इंडियन प्रीमियर लीग,https://hi.wikipedia.org/wiki/%E0%A5%A8%E0%A5%A6%E0%A5%A6%E0%A5%AE_%E0%A4%87%E0%A4%82%E0%A4%A1%E0%A4%BF%E0%A4%AF%E0%A4%A8_%E0%A4%AA%E0%A5%8D%E0%A4%B0%E0%A5%80%E0%A4%AE%E0%A4%BF%E0%A4%AF%E0%A4%B0_%E0%A4%B2%E0%A5%80%E0%A4%97,https://en.wikipedia.org/wiki/File:Cricket_India_Crest.svg,2008 का इंडियन प्रीमियर लीग 2007 में बीसीसीआई द्वारा स्थापित इंडियन प्रीमियर लीग का उद्घाटन सीज़न था। इस सीज़न की शुरुआत 18 अप्रैल 2008 को हुई और फाइनल मैच 1 जून 2008 को आयोजित हुआ। प्रतियोगिता की शुरुआत डबल राउंड रॉबिन ग्रुप स्टेज से हुई। जिसमें 8 टीमों में से प्रत्येक ने हर दूसरी टीम के खिलाफ एक घरेलू मैच और एक मैच बाहर खेला। इन मैचों के बाद दो सेमीफाइनल और एक फाइनल हुआ।,18 अप्रैल - 1 जून,ट्वेंटी-20,राजस्थान रॉयल्स (पहला खिताब),R11,चेन्नई सुपर किंग्स,R5,8,भारत,G3,,,,,2008,P19,नई दिल्ली,राजस्थान रॉयल्स (पहला खिताब),R11,चेन्नई सुपर किंग्स,2009,P20,दक्षिण अफ्रीका,डेक्कन चार्जर्स (पहला खिताब),R12,रॉयल चैलेंजर्स बैंगलोर,2010,P12,भारत,चेन्नई सुपर किंग्स (पहला खिताब),R5,मुंबई इंडियंस,2011,P13,भारत,चेन्नई सुपर किंग्स (दूसरा खिताब),R5,रॉयल चैलेंजर्स बैंगलोर,2012,P21,भारत,कोलकाता नाइट राइडर्स (पहला खिताब),R10,चेन्नई सुपर किंग्स,2013,P22,भारत,मुंबई इंडियंस (पहला खिताब),R7,चेन्नई सुपर किंग्स,2014,P23,"भारत, यूएई",कोलकाता नाइट राइडर्स (दूसरा खिताब),R10,किंग्स इलेवन पंजाब,2015,P24,भारत,मुंबई इंडियंस (दूसरा खिताब),R7,चेन्नई सुपर किंग्स,2016,P14,भारत,सनराइजर्स हैदराबाद (पहला खिताब),R12,रॉयल चैलेंजर्स बैंगलोर,2017,P15,भारत,मुंबई इंडियंस (तीसरा खिताब),R7,राइजिंग पुणे सुपरजायंट,2018,P25,भारत,चेन्नई सुपर किंग्स (तीसरा खिताब),R5,सनराइजर्स हैदराबाद,,,,,,,शॉन मार्श,https://en.wikipedia.org/wiki/Shaun_Marsh#/media/File:Shaun_Marsh.jpg,ऑस्ट्रेलिया,शॉन मार्श (किंग्स इलेवन पंजाब) (616),https://en.wikipedia.org/wiki/Shaun_Marsh#/media/File:Shaun_Marsh.jpg,ऑस्ट्रेलिया,सोहेल तनवीर (राजस्थन रॉयल्स) (22),,पाकिस्तान,R11,R5
P20,"Individual tournament (like IPL 2017, 16, 15, World Cup 2011,15,09... etc)",2009 इंडियन प्रीमियर लीग,https://hi.wikipedia.org/wiki/%E0%A5%A8%E0%A5%A6%E0%A5%A6%E0%A5%AF_%E0%A4%87%E0%A4%82%E0%A4%A1%E0%A4%BF%E0%A4%AF%E0%A4%A8_%E0%A4%AA%E0%A5%8D%E0%A4%B0%E0%A5%80%E0%A4%AE%E0%A4%BF%E0%A4%AF%E0%A4%B0_%E0%A4%B2%E0%A5%80%E0%A4%97,https://commons.wikimedia.org/wiki/File:Ipl.svg,"2009 इंडियन प्रीमियर लीग सीज़न, जिसे आईपीएल 2 या 2009 आईपीएल भी कहते हैं, भारतीय क्रिकेट कंट्रोल बोर्ड (बीसीसीआई) द्वारा 2007 में स्थापित इंडियन प्रीमियर लीग का दूसरा सीज़न था। इस टूर्नामेंट की मेजबानी दक्षिण अफ्रीका ने की और इसे 18 अप्रैल से 24 मई 2009 के बीच खेला गया था।",18 अप्रैल - 24 मई,ट्वेंटी-20,डेक्कन चार्जर्स (पहला खिताब),R12,रॉयल चैलेंजर्स बैंगलोर,R6,8,भारत,G6,,,,,2008,P19,नई दिल्ली,राजस्थान रॉयल्स (पहला खिताब),R11,चेन्नई सुपर किंग्स,2009,P20,दक्षिण अफ्रीका,डेक्कन चार्जर्स (पहला खिताब),R12,रॉयल चैलेंजर्स बैंगलोर,2010,P12,भारत,चेन्नई सुपर किंग्स (पहला खिताब),R5,मुंबई इंडियंस,2011,P13,भारत,चेन्नई सुपर किंग्स (दूसरा खिताब),R5,रॉयल चैलेंजर्स बैंगलोर,2012,P21,भारत,कोलकाता नाइट राइडर्स (पहला खिताब),R10,चेन्नई सुपर किंग्स,2013,P22,भारत,मुंबई इंडियंस (पहला खिताब),R7,चेन्नई सुपर किंग्स,2014,P23,"भारत, यूएई",कोलकाता नाइट राइडर्स (दूसरा खिताब),R10,किंग्स इलेवन पंजाब,2015,P24,भारत,मुंबई इंडियंस (दूसरा खिताब),R7,चेन्नई सुपर किंग्स,2016,P14,भारत,सनराइजर्स हैदराबाद (पहला खिताब),R12,रॉयल चैलेंजर्स बैंगलोर,2017,P15,भारत,मुंबई इंडियंस (तीसरा खिताब),R7,राइजिंग पुणे सुपरजायंट,2018,P25,भारत,चेन्नई सुपर किंग्स (तीसरा खिताब),R5,सनराइजर्स हैदराबाद,,,,,,,एडम गिलक्रिस्ट,https://en.wikipedia.org/wiki/Adam_Gilchrist#/media/File:Adam_Gilchrist_of_Australia_(cropped).jpg,ऑस्ट्रेलिया,मैथ्यू हेडन,https://en.wikipedia.org/wiki/Matthew_Hayden#/media/File:Matt_Hayden.jpg,ऑस्ट्रेलिया,आर.पी. सिंह,,भारत,R12,R6
P21,"Individual tournament (like IPL 2017, 16, 15, World Cup 2011,15,09... etc)",2012 इंडियन प्रीमियर लीग,https://hi.wikipedia.org/wiki/%E0%A5%A8%E0%A5%A6%E0%A5%A7%E0%A5%A8_%E0%A4%87%E0%A4%82%E0%A4%A1%E0%A4%BF%E0%A4%AF%E0%A4%A8_%E0%A4%AA%E0%A5%8D%E0%A4%B0%E0%A5%80%E0%A4%AE%E0%A4%BF%E0%A4%AF%E0%A4%B0_%E0%A4%B2%E0%A5%80%E0%A4%97,https://commons.wikimedia.org/wiki/File:IPL_T20_Chennai_vs_Kolkata.JPG,"2012 का इंडियन प्रीमियर लीग सीज़न, जिसे संक्षेप में आईपीएल 5 या 2009 डीएलएफ आईपीएल 2012 (टाइटल स्पॉन्सर के कारण) भी कहते हैं, भारतीय क्रिकेट कंट्रोल बोर्ड (बीसीसीआई) द्वारा 2007 में स्थापित इंडियन प्रीमियर लीग का पांचवां सीज़न था। टूर्नामेंट 4 अप्रैल से शुरू हुआ और 27 मई 2012 को समाप्त हुआ। कोलकाता नाइट राइडर्स इसकी  विजेता टीम थी।",4 अप्रैल - 27 मई,ट्वेंटी-20,कोलकाता नाइट राइडर्स (पहला खिताब),R10,चेन्नई सुपर किंग्स,R5,9,भारत,G3,,,,,2008,P19,नई दिल्ली,राजस्थान रॉयल्स (पहला खिताब),R11,चेन्नई सुपर किंग्स,2009,P20,दक्षिण अफ्रीका,डेक्कन चार्जर्स (पहला खिताब),R12,रॉयल चैलेंजर्स बैंगलोर,2010,P12,भारत,चेन्नई सुपर किंग्स (पहला खिताब),R5,मुंबई इंडियंस,2011,P13,भारत,चेन्नई सुपर किंग्स (दूसरा खिताब),R5,रॉयल चैलेंजर्स बैंगलोर,2012,P21,भारत,कोलकाता नाइट राइडर्स (पहला खिताब),R10,चेन्नई सुपर किंग्स,2013,P22,भारत,मुंबई इंडियंस (पहला खिताब),R7,चेन्नई सुपर किंग्स,2014,P23,"भारत, यूएई",कोलकाता नाइट राइडर्स (दूसरा खिताब),R10,किंग्स इलेवन पंजाब,2015,P24,भारत,मुंबई इंडियंस (दूसरा खिताब),R7,चेन्नई सुपर किंग्स,2016,P14,भारत,सनराइजर्स हैदराबाद (पहला खिताब),R12,रॉयल चैलेंजर्स बैंगलोर,2017,P15,भारत,मुंबई इंडियंस (तीसरा खिताब),R7,राइजिंग पुणे सुपरजायंट,2018,P25,भारत,चेन्नई सुपर किंग्स (तीसरा खिताब),R5,सनराइजर्स हैदराबाद,,,,,,,सुनील नारायन,,वेस्टइंडीज,क्रिस गेल,https://en.wikipedia.org/wiki/Chris_Gayle#/media/File:ChrisGayle_Cropped.jpg,वेस्टइंडीज,मोर्ने मोर्कल,https://commons.wikimedia.org/wiki/File:Morne_Morkel.jpg,दक्षिण अफ्रीका,R10,R5
P22,"Individual tournament (like IPL 2017, 16, 15, World Cup 2011,15,09... etc)",2013 इंडियन प्रीमियर लीग,https://hi.wikipedia.org/wiki/%E0%A5%A8%E0%A5%A6%E0%A5%A7%E0%A5%A9_%E0%A4%87%E0%A4%82%E0%A4%A1%E0%A4%BF%E0%A4%AF%E0%A4%A8_%E0%A4%AA%E0%A5%8D%E0%A4%B0%E0%A5%80%E0%A4%AE%E0%A4%BF%E0%A4%AF%E0%A4%B0_%E0%A4%B2%E0%A5%80%E0%A4%97,https://commons.wikimedia.org/wiki/File:Sahara_Stadium_Pune_4.jpg,"इंडियन प्रीमियर लीग का 2013 सीज़न, जिसे आईपीएल 6 या पेप्सी आईपीएल 2013 के रूप में जाना जाता है, भारतीय क्रिकेट कंट्रोल बोर्ड (बीसीसीआई) द्वारा स्थापित आईपीएल का छठा सीज़न था। यह टूर्नामेंट 3 अप्रैल से 26 मई 2013 तक आयोजित किया गया था। मुंबई इंडियंस ने पहली बार यह टूर्नामेंट जीता था।",3 अप्रैल - 26 मई,ट्वेंटी-20,मुंबई इंडियंस,R7,चेन्नई सुपर किंग्स,R5,9,भारत,G3,,,,,2008,P19,नई दिल्ली,राजस्थान रॉयल्स (पहला खिताब),R11,चेन्नई सुपर किंग्स,2009,P20,दक्षिण अफ्रीका,डेक्कन चार्जर्स (पहला खिताब),R12,रॉयल चैलेंजर्स बैंगलोर,2010,P12,भारत,चेन्नई सुपर किंग्स (पहला खिताब),R5,मुंबई इंडियंस,2011,P13,भारत,चेन्नई सुपर किंग्स (दूसरा खिताब),R5,रॉयल चैलेंजर्स बैंगलोर,2012,P21,भारत,कोलकाता नाइट राइडर्स (पहला खिताब),R10,चेन्नई सुपर किंग्स,2013,P22,भारत,मुंबई इंडियंस (पहला खिताब),R7,चेन्नई सुपर किंग्स,2014,P23,"भारत, यूएई",कोलकाता नाइट राइडर्स (दूसरा खिताब),R10,किंग्स इलेवन पंजाब,2015,P24,भारत,मुंबई इंडियंस (दूसरा खिताब),R7,चेन्नई सुपर किंग्स,2016,P14,भारत,सनराइजर्स हैदराबाद (पहला खिताब),R12,रॉयल चैलेंजर्स बैंगलोर,2017,P15,भारत,मुंबई इंडियंस (तीसरा खिताब),R7,राइजिंग पुणे सुपरजायंट,2018,P25,भारत,चेन्नई सुपर किंग्स (तीसरा खिताब),R5,सनराइजर्स हैदराबाद,,,,,,,शेन वॉटसन,https://en.wikipedia.org/wiki/Shane_Watson#/media/File:Shane_Watson_2016_new5.jpg,ऑस्ट्रेलिया,माइकल हसी,https://en.wikipedia.org/wiki/Michael_Hussey#/media/File:Mike_Hussey_3.jpg,ऑस्ट्रेलिया,ड्वेन ब्रावो,https://commons.wikimedia.org/wiki/File:Dwayne_Bravo_2010.jpg,वेस्टइंडीज,R7,R5
P23,"Individual tournament (like IPL 2017, 16, 15, World Cup 2011,15,09... etc)",2014 इंडियन प्रीमियर लीग,https://hi.wikipedia.org/wiki/%E0%A5%A8%E0%A5%A6%E0%A5%A7%E0%A5%AA_%E0%A4%87%E0%A4%82%E0%A4%A1%E0%A4%BF%E0%A4%AF%E0%A4%A8_%E0%A4%AA%E0%A5%8D%E0%A4%B0%E0%A5%80%E0%A4%AE%E0%A4%BF%E0%A4%AF%E0%A4%B0_%E0%A4%B2%E0%A5%80%E0%A4%97,https://en.wikipedia.org/wiki/File:Cricket_India_Crest.svg,"इंडियन प्रीमियर लीग का 2014 सीज़न, जिसे संक्षेप में  आईपीएल 7 या पेप्सी आईपीएल 2014 के रूप में जाना जाता है, आईपीएल का सातवां सीज़न था। टूर्नामेंट में आठ टीमें थीं, जो पुणे वॉरियर्स इंडिया के हटने की वजह से 2013 से एक कम टीम संख्या थी। इसे 16 अप्रैल 2014 से 1 जून 2014 तक आयोजित किया गया था।",16 अप्रैल - 1 जून,ट्वेंटी-20,कोलकाता नाइट राइडर्स (दूसरा खिताब),R10,किंग्स इलेवन पंजाब,R9,8,भारत,G3,संयुक्त अरब अमीरात,,,,2008,P19,नई दिल्ली,राजस्थान रॉयल्स (पहला खिताब),R11,चेन्नई सुपर किंग्स,2009,P20,दक्षिण अफ्रीका,डेक्कन चार्जर्स (पहला खिताब),R12,रॉयल चैलेंजर्स बैंगलोर,2010,P12,भारत,चेन्नई सुपर किंग्स (पहला खिताब),R5,मुंबई इंडियंस,2011,P13,भारत,चेन्नई सुपर किंग्स (दूसरा खिताब),R5,रॉयल चैलेंजर्स बैंगलोर,2012,P21,भारत,कोलकाता नाइट राइडर्स (पहला खिताब),R10,चेन्नई सुपर किंग्स,2013,P22,भारत,मुंबई इंडियंस (पहला खिताब),R7,चेन्नई सुपर किंग्स,2014,P23,"भारत, यूएई",कोलकाता नाइट राइडर्स (दूसरा खिताब),R10,किंग्स इलेवन पंजाब,2015,P24,भारत,मुंबई इंडियंस (दूसरा खिताब),R7,चेन्नई सुपर किंग्स,2016,P14,भारत,सनराइजर्स हैदराबाद (पहला खिताब),R12,रॉयल चैलेंजर्स बैंगलोर,2017,P15,भारत,मुंबई इंडियंस (तीसरा खिताब),R7,राइजिंग पुणे सुपरजायंट,2018,P25,भारत,चेन्नई सुपर किंग्स (तीसरा खिताब),R5,सनराइजर्स हैदराबाद,,,,,,,ग्लेन मैक्सवेल,https://en.wikipedia.org/wiki/Glenn_Maxwell#/media/File:2018.02.03.22.38.28-Glenn_Maxwell-0003_(25557926667)_(cropped).jpg,ऑस्ट्रेलिया,रॉबिन उथप्पा,https://commons.wikimedia.org/wiki/File:Robin_Uthappa_on_the_Show.jpg,भारत,मोहित शर्मा,,भारत,R10,R9
P24,"Individual tournament (like IPL 2017, 16, 15, World Cup 2011,15,09... etc)",2015 इंडियन प्रीमियर लीग,https://hi.wikipedia.org/wiki/2015_%E0%A4%87%E0%A4%82%E0%A4%A1%E0%A4%BF%E0%A4%AF%E0%A4%A8_%E0%A4%AA%E0%A5%8D%E0%A4%B0%E0%A5%80%E0%A4%AE%E0%A4%BF%E0%A4%AF%E0%A4%B0_%E0%A4%B2%E0%A5%80%E0%A4%97,https://commons.wikimedia.org/wiki/File:Ipl.svg,"इंडियन प्रीमियर लीग का 2015 का सीज़न, जिसे संक्षेप में आईपीएल 8 या पेप्सी आईपीएल 2015 के नाम से जाना जाता है, ट्वेंटी20 क्रिकेट लीग आईपीएल का आठवां सीज़न था। टूर्नामेंट में आठ टीमें थीं और इसे 8 अप्रैल 2015 से 24 मई 2015 तक आयोजित किया गया था।",8 अप्रैल - 24 मई,ट्वेंटी-20,मुंबई इंडियंस (दूसरा खिताब),R7,चेन्नई सुपर किंग्स,R5,8,भारत,G3,,,,,2008,P19,नई दिल्ली,राजस्थान रॉयल्स (पहला खिताब),R11,चेन्नई सुपर किंग्स,2009,P20,दक्षिण अफ्रीका,डेक्कन चार्जर्स (पहला खिताब),R12,रॉयल चैलेंजर्स बैंगलोर,2010,P12,भारत,चेन्नई सुपर किंग्स (पहला खिताब),R5,मुंबई इंडियंस,2011,P13,भारत,चेन्नई सुपर किंग्स (दूसरा खिताब),R5,रॉयल चैलेंजर्स बैंगलोर,2012,P21,भारत,कोलकाता नाइट राइडर्स (पहला खिताब),R10,चेन्नई सुपर किंग्स,2013,P22,भारत,मुंबई इंडियंस (पहला खिताब),R7,चेन्नई सुपर किंग्स,2014,P23,"भारत, यूएई",कोलकाता नाइट राइडर्स (दूसरा खिताब),R10,किंग्स इलेवन पंजाब,2015,P24,भारत,मुंबई इंडियंस (दूसरा खिताब),R7,चेन्नई सुपर किंग्स,2016,P14,भारत,सनराइजर्स हैदराबाद (पहला खिताब),R12,रॉयल चैलेंजर्स बैंगलोर,2017,P15,भारत,मुंबई इंडियंस (तीसरा खिताब),R7,राइजिंग पुणे सुपरजायंट,2018,P25,भारत,चेन्नई सुपर किंग्स (तीसरा खिताब),R5,सनराइजर्स हैदराबाद,,,,,,,आंद्रे रसेल,,वेस्टइंडीज,डेविड वार्नर,https://en.wikipedia.org/wiki/David_Warner_(cricketer)#/media/File:DAVID_WARNER_(11704782453).jpg,ऑस्ट्रेलिया,ड्वेन ब्रावो,https://commons.wikimedia.org/wiki/File:Dwayne_Bravo_2010.jpg,वेस्टइंडीज,R7,R5
P25,"Individual tournament (like IPL 2017, 16, 15, World Cup 2011,15,09... etc)",2018 इंडियन प्रीमियर लीग,https://hi.wikipedia.org/wiki/%E0%A5%A8%E0%A5%A6%E0%A5%A7%E0%A5%AE_%E0%A4%87%E0%A4%82%E0%A4%A1%E0%A4%BF%E0%A4%AF%E0%A4%A8_%E0%A4%AA%E0%A5%8D%E0%A4%B0%E0%A5%80%E0%A4%AE%E0%A4%BF%E0%A4%AF%E0%A4%B0_%E0%A4%B2%E0%A5%80%E0%A4%97,https://en.wikipedia.org/wiki/File:Indian_Premier_League_Logo.png,"इंडियन प्रीमियर लीग का 2018 का सीज़न, जिसे आईपीएल 11 के रूप में भी जाना जाता है, पेशेवर ट्वेंटी 20 क्रिकेट लीग आईपीएल का ग्यारहवां सीज़न था। 7 अप्रैल से 27 मई तक आयोजित किये गए इस सीज़न में चेन्नई सुपर किंग्स और राजस्थान रॉयल्स की दो साल के निलंबन के बाद वापसी हुई थी।",7 अप्रैल - 27 मई,ट्वेंटी-20,चेन्नई सुपर किंग्स,R5,सनराइजर्स हैदराबाद,R12,8,भारत,G3,,,,,2008,P19,नई दिल्ली,राजस्थान रॉयल्स (पहला खिताब),R11,चेन्नई सुपर किंग्स,2009,P20,दक्षिण अफ्रीका,डेक्कन चार्जर्स (पहला खिताब),R12,रॉयल चैलेंजर्स बैंगलोर,2010,P12,भारत,चेन्नई सुपर किंग्स (पहला खिताब),R5,मुंबई इंडियंस,2011,P13,भारत,चेन्नई सुपर किंग्स (दूसरा खिताब),R5,रॉयल चैलेंजर्स बैंगलोर,2012,P21,भारत,कोलकाता नाइट राइडर्स (पहला खिताब),R10,चेन्नई सुपर किंग्स,2013,P22,भारत,मुंबई इंडियंस (पहला खिताब),R7,चेन्नई सुपर किंग्स,2014,P23,"भारत, यूएई",कोलकाता नाइट राइडर्स (दूसरा खिताब),R10,किंग्स इलेवन पंजाब,2015,P24,भारत,मुंबई इंडियंस (दूसरा खिताब),R7,चेन्नई सुपर किंग्स,2016,P14,भारत,सनराइजर्स हैदराबाद (पहला खिताब),R12,रॉयल चैलेंजर्स बैंगलोर,2017,P15,भारत,मुंबई इंडियंस (तीसरा खिताब),R7,राइजिंग पुणे सुपरजायंट,2018,P25,भारत,चेन्नई सुपर किंग्स (तीसरा खिताब),R5,सनराइजर्स हैदराबाद,,,,,,,सुनील नारायन,https://en.wikipedia.org/wiki/Sunil_Narine,वेस्टइंडीज,केन विलियमसन,https://en.wikipedia.org/wiki/Kane_Williamson#/media/File:Kane_Williamson_(9773667991).jpg,न्यूजीलैंड,एंड्रयू टाई,"https://commons.wikimedia.org/wiki/File:2018.02.03.20.38.56-AUSvNZL_T20_NZL_innings,_SCG-0001_(38618205890)_(Tye_cropped).jpg",ऑस्ट्रेलिया,R5,R12