Article Link ID,Name of personality,Header image,Wikipedia article link,Short description of personality,Birth Name,Nicknames/Other names,Born on,Age,Birthplace,Place Link ID,Wikipedia article link of the Birth place,Nationality,Country Link ID,Wikipedia article link of the Nationality,Height,Fielding position/Role,Role Link ID,Relation 1,Link to the image of relation 1,Relationship with personality 1,Relation 1 card  ID ,Name of school,Link to image of school,Caption of image of school,Year of graduation,Short notable description on area of study/events during personalities time in school,Style of play,Relevant image link,National Team represented,Link to the Wikipedia article of the National team,Card - National team-  ID,Link to the National team Logo,Years played in National team,Short description of the National Team,IPL Team represented - Current team or Team last represented,Link to the Wikipedia article of the IPL - Current Team or Team last represented,Card - IPL Team - ID,Link to the IPL team logo ,Years played in current / last represented IPL team,Short description of the IPL team,Domestic team Represented,Years played in Domestic Team,Link to the domestic team image ,Link to the Wikipedia article of the Domestic team,Short description of Domestic Team,Phase 1 Title,Phase 1 - First Class Debut Year,Phase 1 - Link to the Trophy article,Phase 1 - Name of the debut trophy,Phase 1 - Single line description,Phase 1 card-  ID,Phase 2 Title,Phase 2 - National team debut year in cricket form 1,Phase2 - Link to the opposition team's wikipedia page,Phase 2 - Single line description,Phase 2 - Opposition team,Phase 2 card-  ID,Phase 3 Title,Phase 3 - Name of the ICC tournament,Phase 3 - Single line description,Phase 3 -Year of the tournament,Phase 3 card-  ID,Phase 4 Title,Phase 4 - Name of the ICC tournament,Phase 4 - Single line description,Phase 4 -Year of the tournament,Phase 4 card-  ID,Phase 5 Title,Phase 5 - Name of the ICC trophy,Phase 5 - Single line description,Phase 5 -Year of the trophy,Phase 5 card-  ID,Phase 6 Title,Phase 6 - Single line description,Phase 6 -Year of the trophy,Phase 6 - Name of the ICC trophy,Phase 6 card-  ID,Phase 7 Title,Phase 7  -IPL debut year,Phase 7  -IPL debut team,Phase 7 - Single line description,Phase 7 card-  ID,Year of the award 1,Name of the award 1,Short Description of the award 1,Image link for the award 1,Year of the award 2,Name of the award 2,Short Description of the award 2,Image link for the award 2,Year of the award 3,Name of the award 3,Short Description of the award 3,Image link for the award 3,Year of the award 4,Name of the award 4,Image link for the award 4,Short Description of the award 4,Year of the award 5,Name of the award 5,Image link for the award 5,Short Description of the award 5,Achievement or Record 1,Achievement Image 1,Achievement or Record 2,Achievement Image 2,Achievement or Record 3,Achievement Image 3,Achievement or Record 4,Achievement Image 4,Achievement or Record 5,Achievement Image 5
O1,विराट कोहली,https://commons.wikimedia.org/wiki/File:Virat..Kohli.jpg,https://en.wikipedia.org/wiki/Virat_Kohli,विराट कोहली भारत के एक  अन्‍तर्राष्ट्रीय क्रिकेटर हैं जो वर्तमान में भारत की राष्ट्रीय टीम के कप्तान हैं।,विराट कोहली,चीकू,5/11/1988,31,"दिल्ली, भारत",G16,https://en.wikipedia.org/wiki/Delhi,भारतीय,G3,https://en.wikipedia.org/wiki/Indian_people,5 फीट 9 इंच (1.75 मीटर),बल्लेबाज,,अनुष्‍का शर्मा,https://commons.wikimedia.org/wiki/File:Anushka_Sharma_promoting_Zero.jpg,पत्नी,O33,,,,,,"कोहली मजबूत तकनीकी कौशल के साथ स्वाभाविक रूप से आक्रामक बल्लेबाज हैं। वह आमतौर पर मध्य क्रम में बल्लेबाजी करते हैं, लेकिन, कई मौकों पर, उन्होंने पारी भी खोली है। वह थोड़े खुले छाती वाले रुख के साथ बल्लेबाजी करते हैं और मजबूत हाथ-नीचे की पकड़ रखते हैं, और कहा जाता है कि वे जल्दी फुटवर्क करते हैं। वह अपने विस्तृत शॉट्स, एक पारी को तेज करने की क्षमता और दबाव में बल्लेबाजी करने के लिए जाने जाते हैं।",https://en.wikipedia.org/wiki/Virat_Kohli#/media/File:Virat_Kohli_batting_2013.jpg,भारतीय राष्ट्रीय क्रिकेट टीम,https://en.wikipedia.org/wiki/India_national_cricket_team,R1,https://en.wikipedia.org/wiki/File:Cricket_India_Crest.svg,2008-अब तक ,"भारत की राष्ट्रीय क्रिकेट टीम, जिसे टीम इंडिया और मैन इन ब्लू के नाम से भी जाना जाता है, भारतीय क्रिकेट कंट्रोल बोर्ड द्वारा संचालित है",रॉयल चैलेंजर्स बैंगलोर,https://en.wikipedia.org/wiki/Royal_Challengers_Bangalore,R6,https://en.wikipedia.org/wiki/File:Royal_Challengers_Bangalore_Logo_2016.svg,2008-अब तक,"रॉयल चैलेंजर्स बैंगलोर (आरसीबी) बैंगलोर, भारत की एक फ्रैंचाइज़ी क्रिकेट टीम है।",दिल्ली,2006-अब तक,https://commons.wikimedia.org/wiki/Cricket#/media/File:Cricket_ball_on_grass.jpg,https://en.wikipedia.org/wiki/Delhi_cricket_team,दिल्ली की घरेलू रणजी ट्रॉफी क्रिकेट टीम,प्रथम श्रेणी की शुरुआत,2006,https://en.wikipedia.org/wiki/Ranji_Trophy,रणजी ट्रॉफी ,18 वर्ष की आयु में कोहली ने 2006 में दिल्ली की ओर से तमिलनाडु के विरुद्ध प्रथम श्रेणी क्रिकेट में पदार्पण किया। ,SF20,राष्ट्रीय टीम ,2008,https://en.wikipedia.org/wiki/Sri_Lanka_national_cricket_team,कोहली को भारत के ओडीआई दल में 2008 के श्रीलंका और पाकिस्तान में खेले गए चैंपियंस ट्रॉफी के दौरे में शामिल किया गया। ,श्रीलंका ,R13,विश्व कप,विश्व कप,मलेशिया में आयोजित 2018 के आईसीसी अंडर-19 क्रिकेट विश्व कप में कोहली ने विजेता भारतीय टीम की कप्तानी की।   ,2008,,"विश्व कप उपस्थिति
",विश्व कप,2011 के विश्व कप में भारत ने चैंपियनशिप जीतने में सफलता प्राप्त की और कोहली टुर्नामेंट के प्रत्येक मैचों में भारतीय टीम के लिए खेले। ,2011,P07,चैंपियंस ट्रॉफी ,चैंपियंस ट्रॉफी ,जून 2013 में कोहली ने आईसीसी चैंपियंस ट्रॉफी में शिरकत की जिसे भारत ने जीता था।,2013,P10,टी 20 विश्व कप ,टी 20 विश्व कप ,2014 के आईसीसी विश्व ट्वेंटी 20 में कोहली को उप-कप्तान नियुक्त किया गया था। ,2014,P9,IPL डेब्यू,2008,रॉयल चैलेंजर्स बंगलुरु ,मार्च 2008 में कोहली को युवा अनुबंध के तौर पर रॉयल चैलेंजर्स बंगलुरु ने 30 हजार डॉलर में खरीदा। ,R6,2013,अर्जुन पुरस्कार ,खेलकूद के क्षेत्र में उत्कृष्ट उपलब्धि हासिल करने के लिए सरकार द्वारा अर्जुन पुरस्कार दिया जाता है ,https://en.wikipedia.org/wiki/File:Arjun_Award.jpg,2017,सर गैरफील्ड सोबर्स ट्रॉफी ,अंतर्राष्ट्रीय क्रिकेट परिषद (आईसीसी) द्वारा दुनिया के चुने हुए खिलाड़ियों को दिया जाने वाला वार्षिक पुरस्कार।,https://en.wikipedia.org/wiki/File:Sir_Garfield_Sobers_Trophy.jpeg,2017,पद्म श्री,पद्म श्री भारत गणराज्य का चौथा सर्वोच्च नागरिक पुरस्कार है,https://commons.wikimedia.org/wiki/File:Padma_Shri_India_IIIe_Klasse.jpg,2018,आईसीसी टेस्ट प्लेयर ऑफ द ईयर,,"आईसीसी टेस्ट प्लेयर ऑफ द ईयर एक वार्षिक पुरस्कार है, जिसे अंतर्राष्ट्रीय क्रिकेट परिषद द्वारा उस वर्ष के सर्वश्रेष्ठ टेस्ट खिलाड़ी को दिया जाता है।",2018,राजीव गांधी रत्न पुरस्कार,https://en.wikipedia.org/wiki/File:Rajiv_Gandhi_Khel_Ratna_Award.jpg,राजीव गांधी खेल रत्न पुरस्कार भारत गणराज्य का सर्वोच्च खेल सम्मान है।,इन्होंने 2008 में मलेशिया में अंडर -19 विश्व कप जीतने वाली भारत की अंडर -19 टीम की कप्तानी की थी,https://en.wikipedia.org/wiki/Virat_Kohli#/media/File:2015_CWC_I_v_UAE_02-28_Kohli_(12)_(cropped).JPG,2013 में कोहली ने 52 गेंदों में किसी भी भारतीय क्रिकेटर द्वारा लगाया गया वनडे का सबसे तेज शतक ठोंका,https://en.wikipedia.org/wiki/Virat_Kohli#/media/File:Virat_Kohli_batting_2013.jpg,"2013 में, कोहली पहली बार वंडे बल्लेबाजों की आईसीसी रैंकिंग में नंबर एक स्थान पर पहुंचे",https://en.wikipedia.org/wiki/Virat_Kohli#/media/File:2015_CWC_I_v_UAE_02-28_Kohli_(12)_(cropped).JPG,"2014 में, आईसीसी की अंतर्राष्ट्रीय टीट्वेंटी रैंकिंग में शीर्ष बल्लेबाज बने, 2017 तक बने रहे",https://en.wikipedia.org/wiki/Virat_Kohli#/media/File:Virat_Kohli_batting_2013.jpg,2018 में द्विपक्षीय वंडे श्रृंखला में 500 रन बनाने वाले पहले बल्लेबाज बने।,https://en.wikipedia.org/wiki/Virat_Kohli#/media/File:2015_CWC_I_v_UAE_02-28_Kohli_(12)_(cropped).JPG
O6,कपिल देव,https://commons.wikimedia.org/wiki/File:Kapil_Dev_at_Equation_sports_auction.jpg,https://en.wikipedia.org/wiki/Kapil_Dev,"कपिल देव, एक पूर्व भारतीय क्रिकेटर हैं जिन्होंने 1983 में विश्व कप जीतने वाली भारतीय क्रिकेट टीम की कप्तानी की थी।",कपिलदेव रामलाल निखंज ,,06/01/1959,60,"चंडीगढ़, भारत",G18,https://en.wikipedia.org/wiki/Chandigarh,भारतीय,G3,https://en.wikipedia.org/wiki/Indian_people,,ऑलराउंडर,,,,,,डी.ए.वी. स्कूल चंडीगढ़,,,,,खेल खेलने वाले सबसे महान ऑलराउंडरों में से एक। दाएं हाथ के बल्लेबाज और दाएं हाथ के तेज गेंदबाज।,,भारतीय राष्ट्रीय क्रिकेट टीम,https://en.wikipedia.org/wiki/India_national_cricket_team,R1,https://en.wikipedia.org/wiki/File:Cricket_India_Crest.svg,1978-1994,"भारत की राष्ट्रीय क्रिकेट टीम, जिसे टीम इंडिया और मैन इन ब्लू के नाम से भी जाना जाता है, भारतीय क्रिकेट कंट्रोल बोर्ड द्वारा संचालित है",,,,,,,हरियाणा,1975-1992,https://commons.wikimedia.org/wiki/Cricket#/media/File:Cricket_ball_on_grass.jpg,https://en.wikipedia.org/wiki/Haryana_cricket_team,हरियाणा राज्य की घरेलू रणजी ट्रॉफी क्रिकेट टीम,प्रथम श्रेणी की शुरुआत,1975,,,देव ने हरियाणा की ओर से खेलते हुए पंजाब के विरुद्ध 1975 में प्रभावी पदार्पण किया। ,,राष्ट्रीय टीम ,1978,https://en.wikipedia.org/wiki/Pakistan_national_cricket_team,पाकिस्तान के विरुद्ध वनडे क्रिकेट में पदार्पण किया जहां उनका व्यक्तिगत प्रदर्शन मामूली रहा। ,पाकिस्तान ,R8,विश्व कप ,विश्व कप ,1979 के विश्व कप क्रिकेट में कपिलदेव और भारतीय टीम दोनों का प्रदर्शन कमजोर रहा। ,1979,P27,"1983 विश्व कप चैंपियंस
",विश्व कप ,भारत ने कपिलदेव की कप्तानी में 1983 का विश्व कप जीता। ,1983,P2,विश्व कप ,विश्व कप ,1987 के विश्व कप के लिए कपिलदेव को भारतीय टीम का कप्तान बरकरार रखा गया। ,1987,P16,विश्व कप ,विश्व कप ,कपिलदेव ने अपना आखिरी विश्व कप मोहमद अजहरुद्दीन की कप्तानी में 1992 में खेला। ,1992,P17,IPL डेब्यू,,,,,1980,अर्जुन पुरस्कार ,खेलकूद के क्षेत्र में उत्कृष्ट उपलब्धि हासिल करने के लिए सरकार द्वारा अर्जुन पुरस्कार दिया जाता है ,https://en.wikipedia.org/wiki/File:Arjun_Award.jpg,1982,पद्म श्री ,पद्म श्री भारत गणराज्य का चौथा सर्वोच्च नागरिक पुरस्कार है,https://commons.wikimedia.org/wiki/File:Padma_Shri_India_IIIe_Klasse.jpg,1991,पद्म भूषण,पद्म भूषण भारत गणराज्य का तीसरा सबसे बड़ा नागरिक पुरस्कार है,https://commons.wikimedia.org/wiki/File:Padma_Bhushan_India_IIe_Klasse.jpg,2002,विस्डेन इंडिया क्रिकेटर ऑफ द सेंचुरी,,क्रिकेट की बाईबिल विजडन पत्रिका द्वारा दिया जाने वाला सम्मान।,2010,आईसीसी हॉल ऑफ फेम,https://en.wikipedia.org/wiki/File:ICC_Hall_Of_Fame.svg,आईसीसी का क्रिकेट हॉल ऑफ फेम क्रिकेट के महान खिलाड़ियों को उनकी उपलब्धियों के सम्मान में दिया जाता है।,"फ़िरोज़ शाह कोटला, दिल्ली में पहला टेस्ट शतक (126) 1979 में वेस्टइंडीज़ के खिलाफ केवल 124 गेंदों में बना था।",,1980 की एक घरेलू टेस्ट सीरीज़ में ऑस्ट्रेलिया के खिलाफ दो बार 5 विकेट लिए,,1982-83 में श्रीलंका खिलाफ़ पहली बार भारत की कप्तानी की।,,1983 के विश्व कप में जिम्बाब्वे के खिलाफ़ नाबाद 175 रन का सर्वोच्च वनडे स्कोर बनाया,,भारत को वंडे विश्व कप में जीत दिलाने वाले पहले कप्तान,
O33,अनुष्का शर्मा,https://commons.wikimedia.org/wiki/File:Anushka_Sharma_promoting_Zero.jpg,https://en.wikipedia.org/wiki/Anushka_Sharma,अनुष्का शर्मा एक भारतीय अभिनेत्री और फिल्म निर्माता हैं जो हिंदी फिल्मों में काम करती हैं।,अनुष्का शर्मा,,01/05/1988,31,"अयोध्या, भारत",SF96,https://en.wikipedia.org/wiki/Ayodhya,भारतीय,G3,https://en.wikipedia.org/wiki/Indian_people,,,,विराट कोहली,https://commons.wikimedia.org/wiki/File:Virat..Kohli.jpg,पत्नी,O1,"माउंट कार्मेल कॉलेज, बैंगलोर",,,,,,,,,,,,,,,,,,,,,,,,प्रथम श्रेणी की शुरुआत,,,,,,राष्ट्रीय टीम ,,,,,,,,,,,,,,,,,,,,,,,,,,IPL डेब्यू,,,,,,,,,,,,,,,,,,,,,,,,,,,,,,,,,,
O7,अनिल कुंबले,https://commons.wikimedia.org/wiki/File:Anil_Kumble.jpg,https://en.wikipedia.org/wiki/Anil_Kumble,"अनिल कुंबले भारत के एक पूर्व क्रिकेटर और टेस्ट तथा अन्‍तर्राष्ट्रीय एक दिवसीय मैचों (वनडे) के पूर्व कप्तान रहे हैं, जिन्होंने 18 वर्षों तक टेस्ट और अन्‍तर्राष्ट्रीय एकदिवसीय मैच खेले।",अनिल कुंबले ,जम्बो ,17/10/1970,48,"बेंगलुरु, भारत",G1,https://en.wikipedia.org/wiki/Bangalore,भारतीय,G3,https://en.wikipedia.org/wiki/Indian_people,6 फीट 1 इंच (1.85 मीटर),लेग स्पिन गेंदबाज,,,,,,राष्ट्रीय विद्यालय कॉलेज ऑफ इंजीनियरिंग,,,,,"कुंबले अपरंपरागत शैली के दाएं हाथ के लेग स्पिनर (लेगब्रेक गुगली) हैं, जो अपने फ़्लिपर के लिए सबसे ज्यादा प्रसिद्ध हैं और दाहिने हाथ के बल्लेबाज हैं। उन्होंने अपने करियर की शुरुआत एक तेज़ गेंदबाज़ के रूप में की,  जिससे उन्हें एक उपयोगी तेज़ गेंद डालने की प्रतिभा प्राप्त हुई। उनकी अनूठी गेंदबाजी शैली का श्रेय बेंगलोर की मैटिंग पिचों को दिया जा सकता है जो उन्‍हें टॉप-स्पिन और ओवर-स्पिन कराने में मददगार रहे। ",https://upload.wikimedia.org/wikipedia/commons/0/09/GandM_Flare_DXM_bat-Purist_156g_ball.jpg,भारतीय राष्ट्रीय क्रिकेट टीम,https://en.wikipedia.org/wiki/India_national_cricket_team,R1,https://en.wikipedia.org/wiki/File:Cricket_India_Crest.svg,1990-2008,"भारत की राष्ट्रीय क्रिकेट टीम, जिसे टीम इंडिया और मैन इन ब्लू के नाम से भी जाना जाता है, भारतीय क्रिकेट कंट्रोल बोर्ड द्वारा संचालित है",रॉयल चैलेंजर्स बेंगलोर,,R6,https://en.wikipedia.org/wiki/Royal_Challengers_Bangalore,2008-2010,"रॉयल चैलेंजर्स बैंगलोर (आरसीबी) बेंगलोर, भारत की एक फ्रैंचाइज़ी क्रिकेट टीम है।",कर्नाटक,1989-2009,https://commons.wikimedia.org/wiki/Cricket#/media/File:Cricket_ball_on_grass.jpg,https://en.wikipedia.org/wiki/Karnataka_cricket_team,कर्नाटक राज्य की घरेलू रणजी ट्रॉफी क्रिकेट टीम ,प्रथम श्रेणी की शुरुआत,1989,https://en.wikipedia.org/wiki/Ranji_Trophy,रणजी ट्रॉफी ,कुंबले ने हैदराबाद के खिलाफ कर्नाटक की ओर से प्रथम श्रेणी  क्रिकेट में 30 नवंबर 1989 को पदार्पण किया और इस मैच उन्होंने 4 विकेट प्राप्त किया। ,SF20,राष्ट्रीय टीम ,1990,https://en.wikipedia.org/wiki/Sri_Lanka_national_cricket_team,कुंबले ने 1990 में आस्ट्रेलेशिया कप में सारजाह में श्रीलंका के विरुद्ध वनडे इंटरनेशनल में पदार्पण किया। ,श्रीलंका ,R13,विश्व कप,विश्व कप,1996 के विश्व कप के लिए कुंबले का चयन भारतीय टीम में हुआ और वे इस टुर्नामेंट में सबसे ज्यादा विकेट प्राप्त करने वाले गेंदबाजों में से एक रहे। ,1996,P3,,,,,P4,विश्व कप ,विश्व कप ,,2003,P5,विश्व कप,विश्व कप,2007 के विश्व कप के बाद उन्होंने वनडे इंटरनेशनल से संन्यास लेने की घोषणा कर दी। ,2007,P6,IPL डेब्यू,2008,रॉयल चैलेंजर्स बंगलुरु,रॉयल चैलेंजर्स बंगलुरु के अनुबंध के प्रति सम्मान दिखाते हुए कुंबले ने संन्यास के बाद 3 वर्ष तक इस टीम के लिए खेलना जारी रखा। ,R6,1995,अर्जुन पुरस्कार ,खेलकूद के क्षेत्र में उत्कृष्ट उपलब्धि हासिल करने के लिए सरकार द्वारा अर्जुन पुरस्कार दिया जाता है ,https://en.wikipedia.org/wiki/File:Arjun_Award.jpg,2005,पद्म श्री,पद्म श्री भारत गणराज्य का चौथा सर्वोच्च नागरिक पुरस्कार है,https://commons.wikimedia.org/wiki/File:Padma_Shri_India_IIIe_Klasse.jpg,2015,आईसीसी क्रिकेट हॉल ऑफ फेम,आईसीसी का क्रिकेट हॉल ऑफ फेम क्रिकेट के महान खिलाड़ियों को उनकी उपलब्धियों के सम्मान में दिया जाता है।,https://en.wikipedia.org/wiki/File:ICC_Hall_Of_Fame.svg,,,,,,,,,कुंबले ऐसे दूसरे खिलाड़ी हैं जिन्होंने एक टेस्ट मैच की एक पारी में सभी 10 विकेट लिए हैं।,,कुंबले ने 1996 में 61 विकेट के साथ किसी भी भारतीय क्रिकेटर द्वारा एक कैलेंडर वर्ष में सर्वाधिक विकेट लेने का रिकॉर्ड बनाया,,"कुंबले के नाम अपने पूरे टेस्ट करियर के दौरान 40850 गेंदे करने का रिकॉर्ड है, जो किसी भी भारतीय का सर्वाधिक है।",,कुंबले ने अपने पहले 50 टेस्ट विकेट 10 मैचों में लिए,,"1993 में, इन्होंने वेस्टइंडीज के खिलाफ एक वनडे मैच में 12 रन देकर छह विकेट लिए जो बहुत लंबे समय तक एक भारतीय रिकॉर्ड बना रहा।",
O5,सचिन तेंदुलकर,https://commons.wikimedia.org/wiki/File:Sachin_Tendulkar_at_MRF_Promotion_Event.jpg,https://en.wikipedia.org/wiki/Sachin_Tendulkar,"सचिन तेंदुलकर भारत के पूर्व अन्‍तर्राष्ट्रीय क्रिकेटर हैं, जिन्हें अब तक के महानतम बल्लेबाजों में से एक माना जाता है। वे अन्‍तर्राष्ट्रीय क्रिकेट में अब तक के सबसे ज्यादा रन बनाने वाले खिलाड़ी हैं।",सचिन रमेश तेंदुलकर ,क्रिकेट का भगवान ,24/04/1973,46,"मुंबई, भारत",G2,https://en.wikipedia.org/wiki/Mumbai,भारतीय,G3,https://en.wikipedia.org/wiki/Indian_people,5 फीट 5 इंच (165 सेमी),बल्लेबाज,,,,,,"शारदाश्रम विद्यामंदिर, मुंबई",,,,,"अपने समय के सबसे शानदार बल्लेबाज़ माने जाने वाले सचिन तेंदुलकर मध्यम गति, लेग स्पिन, और ऑफ स्पिन गेंदबाजी भी कर सकते हैं।",https://en.wikipedia.org/wiki/Sachin_Tendulkar#/media/File:Master_Blaster_at_work.jpg,भारतीय राष्ट्रीय क्रिकेट टीम,https://en.wikipedia.org/wiki/India_national_cricket_team,R1,https://en.wikipedia.org/wiki/File:Cricket_India_Crest.svg,1989-2013,"भारत की राष्ट्रीय क्रिकेट टीम, जिसे टीम इंडिया और मैन इन ब्लू के नाम से भी जाना जाता है, भारतीय क्रिकेट कंट्रोल बोर्ड द्वारा संचालित है",मुंबई इंडियंस,,R7,https://en.wikipedia.org/wiki/Mumbai_Indians,2008-2013,"मुंबई इंडियंस मुंबई, भारत की एक फ्रैंचाइज़ी क्रिकेट टीम है।",मुंबई,1988-2013,https://commons.wikimedia.org/wiki/Cricket#/media/File:Cricket_ball_on_grass.jpg,https://en.wikipedia.org/wiki/Mumbai_cricket_team,मुंबई की घरेलू रणजी ट्रॉफी क्रिकेट टीम,प्रथम श्रेणी की शुरुआत,1988,https://en.wikipedia.org/wiki/Ranji_Trophy,रणजी ट्रॉफी ,1988 में 15 वर्ष 232 दिन की आयु में तेंदुलकर ने बंबई की ओर से गुजरात के विरुद्ध प्रथम श्रेणी क्रिकेट में  पदार्पण किया और नाबाद 100 रन बनाए।   ,SF20,राष्ट्रीय टीम ,1989,https://en.wikipedia.org/wiki/Pakistan_national_cricket_team,तेंदुलकर ने 1989 में 16 वर्ष की आयु में पाकिस्तान के कराची में टेस्ट क्रिकेट में पदार्पण किया। ,पाकिस्तान ,R8,विश्व कप,विश्व कप,तेंदुलकर 1992 क्रिकेट विश्व कप की भारतीय टीम के सदस्य थे। ,1992,P17,टीम में सफलता शुरु,विश्व कप,1996 के विश्व कप में तेंदुलकर सर्वाधिक रन बनाने वाले खिलाड़ी रहे और उन्होंने कुल 523 रन बनाए। ,1996,P3,विश्व कप ,विश्व कप ,,1999,P4,विश्व कप,विश्व कप,2003 क्रिकेट विश्व कप में तेंदुलकर ने 11 मैचों में 673 रन बनाए थे। ,2003,P5,IPL डेब्यू,2008,मुंबई इंडियंस ,"इंडियन प्रीमियर लीग के उद्घाटन सत्र 2008 में तेंदुलकर को आइकॉन प्लेयर के साथ होम साइड, मुंबई इंडियंस का कप्तान बनाया गया।  ",R7,1994,अर्जुन पुरस्कार ,खेलकूद के क्षेत्र में उत्कृष्ट उपलब्धि हासिल करने के लिए सरकार द्वारा अर्जुन पुरस्कार दिया जाता है ,https://en.wikipedia.org/wiki/File:Arjun_Award.jpg,1997,राजीव गांधी खेल रत्न ,राजीव गांधी खेल रत्न पुरस्कार भारत का सर्वोच्च खेल सम्मान है।,https://en.wikipedia.org/wiki/File:Rajiv_Gandhi_Khel_Ratna_Award.jpg,1999,पद्म श्री,पद्म श्री भारत गणराज्य का चौथा सर्वोच्च नागरिक पुरस्कार है,https://commons.wikimedia.org/wiki/File:Padma_Shri_India_IIIe_Klasse.jpg,2008,पद्म विभूषण,,भारत का दूसरा सर्वोच्च नागरिक पुरस्कार।,2014,भारत रत्न,https://commons.wikimedia.org/wiki/File:Bharat_Ratna.jpg,भारत रत्न भारत गणराज्य का सर्वोच्च नागरिक पुरस्कार है,"इन्होंने विनोद कांबली के साथ 664 रन बना कर, क्रिकेट के किसी भी प्रारूप में सबसे बड़ी अटूट साझेदारी का विश्व रिकॉर्ड कायम किया",,भारत के लिए वनडे और टेस्ट में सबसे कम उम्र डेब्यू करने वाले खिलाड़ी  ,,"तीनों घरेलू प्रथम श्रेणी के टूर्नामेंटों (रणजी, ईरानी और दलीप ट्रॉफियों) में अपने डेब्यू पर शतक बनाने वाले इकलौते खिलाड़ी।",,"10,000 वंडे रन पूरे करने वाले पहले बल्लेबाज",,"19 साल की उम्र में, तेंदुलकर यॉर्कशायर का प्रतिनिधित्व करने वाले पहले विदेशी खिलाड़ी बने।",
O8,सौरव गांगुली,https://commons.wikimedia.org/wiki/File:Sourav_Ganguly_closeup.jpg,https://en.wikipedia.org/wiki/File:Sourav_Ganguly_closeup.jpg,"सौरव गांगुली एक पूर्व भारतीय क्रिकेटर और भारत की राष्ट्रीय टीम के कप्तान रहे हैं। अपने खेल करियर के दौरान, गांगुली ने स्‍वयं को विश्‍व के प्रमुख बल्लेबाजों और राष्ट्रीय क्रिकेट टीम के सबसे महान कप्तानों में से एक के रूप में स्थापित किया ।",सौरव गांगुली,महाराज ,08/07/1972,46,"कोलकाता, भारत",G12,https://en.wikipedia.org/wiki/Calcutta,भारतीय,G3,https://en.wikipedia.org/wiki/Indian_people,5 फीट 11 इंच (1.80 मीटर),बल्लेबाज,,,,,,"सेंट जेवियर्स कॉलेजिएट स्कूल, कोलकाता",,,,,"गांगुली एक बाएं हाथ के बल्लेबाज हैं, जो अपने सुरुचिपूर्ण स्ट्रोक-प्ले के लिए जाने जाते हैं। वह दाएं हाथ के मध्यम गति के गेंदबाज भी हैं।",https://en.wikipedia.org/wiki/Sourav_Ganguly#/media/File:Sachin_in_action.jpg,भारतीय राष्ट्रीय क्रिकेट टीम,https://en.wikipedia.org/wiki/India_national_cricket_team,R1,https://en.wikipedia.org/wiki/File:Cricket_India_Crest.svg,1992-2008,"भारत की राष्ट्रीय क्रिकेट टीम, जिसे टीम इंडिया और मैन इन ब्लू के नाम से भी जाना जाता है, भारतीय क्रिकेट कंट्रोल बोर्ड द्वारा संचालित है",पुणे वारियर्स इंडिया,,,https://en.wikipedia.org/wiki/Pune_Warriors_India,2011-2012,पुणे वारियर्स इंडिया एक आईपीएल क्रिकेट टीम थी जो पुणे शहर का प्रतिनिधित्व करती थी। वर्ष 2013 में टीम को भंग कर दिया गया।,बंगाल,1990-2010,https://commons.wikimedia.org/wiki/Cricket#/media/File:Cricket_ball_on_grass.jpg,https://en.wikipedia.org/wiki/Bengal_cricket_team,बंगाल क्रिकेट टीम प्रथम श्रेणी घरेलू क्रिकेट में भारतीय राज्य पश्चिम बंगाल का प्रतिनिधित्व करती है।,प्रथम श्रेणी की शुरुआत,1989,https://en.wikipedia.org/wiki/Ranji_Trophy,रणजी ट्रॉफी ,सौरव गांगुली ने बंगाल की ओर से 1989 में प्रथम श्रेणी क्रिकेट में पदार्पण किया। ,SF20,राष्ट्रीय टीम ,1992,https://en.wikipedia.org/wiki/West_Indies_cricket_team,गांगुली ने वेस्ट इंडीज के खिलाफ भारत की ओर से वनडे इंटरनेशनल (ओडीआई) में 1992 में पदार्पण किया जिसमें उन्होंने तीन रन बनाए। ,वेस्ट इंडीज ,R3,विश्व कप,विश्व कप,गांगुली ने 1999 के विश्व कप में श्रीलंका के खिलाफ 158 गेंदों पर 183 रन बनाए जो उनका वनडे इंटरनेशनल का उच्चतम स्कोर है। ,1999,P4,"चैंपियंस ट्रॉफी 2002
",चैंपियंस ट्रॉफी ,भारत ने टुर्नामेंट जीता और फाइनल में गांगुली ने इंग्लैंड के विरुद्ध नाबाद 117 रन बनाए। ,2002,P10,विश्व कप ,विश्व कप ,सौरव गांगुली की कप्तानी में भारत 1983 के बाद पहली बार विश्व कप के फाइनल में पहुंचा। ,2003,P5,विश्व कप,विश्व कप,भारत के सर्वाधिक रन गांगुली ने बनाए लेकिन टीम ग्रुप चरण में ही टुर्नामेंट से बाहर हो गई। ,2007,P6,IPL डेब्यू,2008,कोलकाता नाइट राइडर्स ,2008 में गांगुली इंडियन प्रीमियर लीग में कोलकाता नाइट राइडर्स के कप्तान के रूप में शामिल हुए। ,R10,1997,अर्जुन पुरस्कार ,खेलकूद के क्षेत्र में उत्कृष्ट उपलब्धि हासिल करने के लिए सरकार द्वारा अर्जुन पुरस्कार दिया जाता है ,https://en.wikipedia.org/wiki/File:Arjun_Award.jpg,2004,पद्म श्री,पद्म श्री भारत गणराज्य का चौथा सर्वोच्च नागरिक पुरस्कार है,"https://en.wikipedia.org/wiki/File:The_President_Dr._A.P.J_Abdul_Kalam_presenting_Padma_Shri_Award_to_Shri_Saurav_Ganguly_the_most_successful_Captain_of_Indian_Cricket_Team_at_an_investiture_Ceremony_at_Rashtrapati_Bhawan_in_New_Delhi_on_June_30,_2004.jpg",2013,बंग बिभूषण,बंग विभूषण सम्मान पश्चिम बंगाल सरकार द्वारा विभिन्न क्षेत्रों में व्यक्तित्वों की सेवाओं के सम्मान में दी जाने वाली एक उपाधि है।,,,,,,,,,,सौरव गांगुली ने लॉर्ड्स में अपने पदार्पण टेस्ट में इंग्लैंड के खिलाफ शतक बनाया,,गांगुली के नाम पर क्रिकेट विश्व कप में किसी भारतीय बल्लेबाज (183) द्वारा बनाया गया सर्वोच्च व्यक्तिगत स्कोर है,,गांगुली भारत के सबसे सफल टेस्ट कप्तान बने जिन्होंने 21 मौकों पर टीम को जीत दिलाई,,"गांगुली विदेशों में भारत के सबसे सफल टेस्ट कप्तान हैं, उन्होंने 28 मैचों में से 11 में जीत दर्ज की है",,"वनडे क्रिकेट में 10,000 रन, 100 विकेट और 100 कैच लेने वाले केवल पांच क्रिकेटरों में से एक",
O9,राहुल द्रविड़,https://commons.wikimedia.org/wiki/File:Rahul_Dravid_at_GQ_Men_Of_The_Year_2012_AWARD.jpg,https://en.wikipedia.org/wiki/Rahul_Dravid,"राहुल द्रविड़ एक पूर्व भारतीय क्रिकेटर और कप्तान रहे हैं, जिन्हें क्रिकेट इतिहास के महान बल्लेबाजों में से एक माना जाता है।",राहुल शरद द्रविड़ ,द वाल ,11/01/1973,46,"इंदौर, भारत",,https://en.wikipedia.org/wiki/Indore,भारतीय,G3,https://en.wikipedia.org/wiki/Indian_people,1.70 मीटर (5 फीट 7 इंच),"बल्लेबाज, विकेट-कीपर",,,,,,"सेंट जोसेफ बॉयज़ हाई स्कूल, बेंगलुरु",,,,,"राहुल द्रविड़ दाएं हाथ के बल्लेबाज हैं, और कभी-कभार विकेट कीपिंग भी करते हैं।  ",https://en.wikipedia.org/wiki/Rahul_Dravid#/media/File:Rahul_cropped.jpg,भारतीय राष्ट्रीय क्रिकेट टीम,https://en.wikipedia.org/wiki/India_national_cricket_team,R1,https://en.wikipedia.org/wiki/File:Cricket_India_Crest.svg,1996-2012,"भारत की राष्ट्रीय क्रिकेट टीम, जिसे टीम इंडिया और मैन इन ब्लू के नाम से भी जाना जाता है, भारतीय क्रिकेट कंट्रोल बोर्ड द्वारा संचालित है",राजस्थान रॉयल्स,,R11,https://en.wikipedia.org/wiki/Rajasthan_Royals,2011-2013,"राजस्थान रॉयल्स जयपुर, राजस्थान, भारत की एक आईपीएल क्रिकेट टीम है।",कर्नाटक,1990-2012,https://commons.wikimedia.org/wiki/Cricket#/media/File:Cricket_ball_on_grass.jpg,https://en.wikipedia.org/wiki/Karnataka_cricket_team,कर्नाटक राज्य की घरेलू रणजी ट्रॉफी क्रिकेट टीम ,प्रथम श्रेणी की शुरुआत,1991,https://en.wikipedia.org/wiki/Ranji_Trophy,रणजी ट्रॉफी ,द्रविड़ ने महाराष्ट्र के खिलाफ 1991 में रणजी ट्रॉफी क्रिकेट में पदार्पण किया। ,SF20,राष्ट्रीय टीम ,1996,https://en.wikipedia.org/wiki/Sri_Lankan_cricket_team,द्रविड़ ने 1996 में सिंगापोर में सिंगर कप के दौरान ओडीआई क्रिकेट में श्रीलंका के विरुद्ध वनडे इंटरनेशनल में पदार्पण किया। ,श्रीलंका ,R13,विश्व कप,विश्व कप,द्रविड़ ने दक्षिण अफ्रीका के विरुद्ध होव में 1999 में क्रिकेट विश्व कप के मैचों में अपना पदार्पण किया और अर्द्ध शतक बनाया।,1999,P4,"2003 विश्व कप
",विश्व कप,2003 के विश्व कप के दौरान द्रविड़ उप-कप्तान रहे और एक विकेटकीपर बल्लेबाज के रूप में मैच खेले। ,2003,P5,विश्व कप ,विश्व कप ,2007 के विश्व कप में राहुल द्रविड़ को भारत का कप्तान नियुक्त किया गया जिसमें भारत नाकामयाब रहा। ,2007,P6,,,,,,IPL डेब्यू,2008,रॉयल चैलेंजर्स बंगलुरु,"आईपीएल 2008, 2009 और 2010 में राहुल द्रविड़ रॉयल चैलेंजर्स बंगलुरु के लिए खेले। ",R6,1998,अर्जुन पुरस्कार ,खेलकूद के क्षेत्र में उत्कृष्ट उपलब्धि हासिल करने के लिए सरकार द्वारा अर्जुन पुरस्कार दिया जाता है ,https://en.wikipedia.org/wiki/File:Arjun_Award.jpg,2004,पद्म श्री,पद्म श्री भारत गणराज्य का चौथा सर्वोच्च नागरिक पुरस्कार है,"https://en.wikipedia.org/wiki/File:The_President_Dr._A.P.J_Abdul_Kalam_presenting_Padma_Shri_Award_to_Shri_Saurav_Ganguly_the_most_successful_Captain_of_Indian_Cricket_Team_at_an_investiture_Ceremony_at_Rashtrapati_Bhawan_in_New_Delhi_on_June_30,_2004.jpg",2013,पद्म भूषण,पद्म भूषण गणराज्य भारत का तीसरा सबसे बड़ा नागरिक पुरस्कार है,https://commons.wikimedia.org/wiki/File:Padma_Bhushan_India_IIe_Klasse.jpg,2018,आईसीसी हॉल ऑफ फेम,https://en.wikipedia.org/wiki/File:ICC_Hall_Of_Fame.svg,आईसीसी का क्रिकेट हॉल ऑफ फेम क्रिकेट के महान खिलाड़ियों को उनकी उपलब्धियों के सम्मान में दिया जाता है।,,,,,द्रविड़ ने अंतर्राष्ट्रीय क्रिकेट में लगभग 25000 रन बनाए।,,द्रविड़ ने टेस्ट मैचों में पांच दोहरे शतक बनाए हैं,,द्रविड़ ने 210 कैच के साथ टेस्ट क्रिकेट में किसी खिलाड़ी (ग़ैर-विकेट-कीपर) द्वारा लिए गए सबसे अधिक कैच लेने का रिकॉर्ड बनाया।,,"द्रविड़ और वीवीएस लक्ष्मण ने ऑस्ट्रेलिया के खिलाफ एक टेस्ट मैच के दौरान 376 रन की साझेदारी निभाई, जिसे भारत ने 171 रन से जीता।",,"द्रविड़ ने तेंदुलकर के साथ 331 रनों की साझेदारी की, जो एक विश्व रिकॉर्ड था",
O2,महेन्द्र सिंह धोनी,https://commons.wikimedia.org/wiki/File:Dhoni_behind_Stumps.jpg,https://en.wikipedia.org/wiki/MS_Dhoni,"महेंद्र सिंह धोनी एक भारतीय अन्‍तर्राष्ट्रीय क्रिकेटर हैं, जिन्होंने 2007 से 2016 तक सीमित ओवरों के प्रारूप में और 2008 से 2014 तक टेस्ट क्रिकेट में भारतीय राष्ट्रीय टीम की कप्तानी की।",महेन्द्र सिंह धोनी,माहि ,07/07/1981,37,"रांची, बिहार (अब झारखंड)",G17,https://en.wikipedia.org/wiki/Ranchi,भारतीय,G3,https://en.wikipedia.org/wiki/Indian_people,5 फीट 10 इंच (1.78 मीटर),विकेट- कीपर बल्लेबाज,,,,,," डीएवी जवाहर विद्या मंदिर, रांची,",,,,,"धोनी दाएं हाथ के बल्लेबाज और विकेट कीपर हैं। प्रारंभ में, धोनी एक निचले क्रम के बल्लेबाज के रूप में सामने आये, लेकिन उच्च दबाव वाली स्थितियों से निपटने और एक कप्तान के रूप में अपनी बढ़ती जिम्मेदारी को निभाने के लिए उन्‍होंने धीरे-धीरे अपनी खेल शैली को बदल लिया।",https://en.wikipedia.org/wiki/MS_Dhoni#/media/File:Mahendra_Singh_Dhoni_batting.JPG,भारतीय राष्ट्रीय क्रिकेट टीम,https://en.wikipedia.org/wiki/India_national_cricket_team,R1,https://en.wikipedia.org/wiki/File:Cricket_India_Crest.svg,2004-अब तक ,"भारत की राष्ट्रीय क्रिकेट टीम, जिसे टीम इंडिया और मैन इन ब्लू के नाम से भी जाना जाता है, भारतीय क्रिकेट कंट्रोल बोर्ड द्वारा संचालित है",चेन्नई सुपर किंग्स,,R5,https://en.wikipedia.org/wiki/Chennai_Super_Kings,2018-अब तक,"चेन्नई सुपर किंग्स (सीएसके), चेन्नई की एक भारतीय आईपीएल क्रिकेट टीम है।",झारखंड,2004-अब तक,https://commons.wikimedia.org/wiki/Cricket#/media/File:Cricket_ball_on_grass.jpg,https://en.wikipedia.org/wiki/Jharkhand_cricket_team,बिहार क्रिकेट टीम से परिवर्तित होकर बनी झारखंड क्रिकेट टीम भारतीय राज्य झारखंड की एक रणजी ट्रॉफी टीम है,प्रथम श्रेणी की शुरुआत,1999,https://en.wikipedia.org/wiki/Ranji_Trophy,रणजी ट्रॉफी ,धोनी ने 18 वर्ष की आयु में 1999;2000 सत्र में बिहार की ओर से रणजी ट्रॉफी क्रिकेट में पदार्पण,SF20,राष्ट्रीय टीम ,2004,https://en.wikipedia.org/wiki/Bangladesh_national_cricket_team,धोनी ने ओडीआई में पदार्पण किया। ,बांग्लादेश ,R18,चैपियंस ट्रॉफी ,चैपियंस ट्रॉफी ,2006 में धोनी ने वेस्ट इंडीज के विरुद्ध अर्द्ध शतक बनाया। ,2006,P10,"2007 विश्व कप
",विश्व कप,भारत ग्रुप चरण में ही विश्व कप से बाहर हो गया और धोनी ने टुर्नामेंट में केवल 29 रन बनाए। ,2007,P6,टी 20 विश्व कप ,टी 20 विश्व कप ,प्रथम आईसीसी विश्व ट्वेंटी 20 चैंपियनशीप का विजेता भारत रहा और इसमें भारतीय टीम के कप्तान धोनी थे। ,2007,P6,विश्व कप,विश्व कप,2011 में धोनी की कप्तानी में भारत दूसरी बार विश्व कप विजेता बना। उन्होंने नाबाद 91 रन बनाए और ऐतिहासिक छक्के के साथ मैच को समाप्त किया। ,2011,P7,IPL डेब्यू,2008,चेन्नई सुपर किंग्स ,धोनी को यूएस डॉलर 1.5 मीलियन में चेन्नई सुपर किंग्स ने खरीदा और इस तरह वे आईपीएल के प्रथम सत्र के सबसे महंगे खिलाड़ी बने। ,R5,2008,राजीव गांधी खेल रत्न ,राजीव गांधी खेल रत्न पुरस्कार खेल के क्षेत्र में भारतीय गणराज्य द्वारा दिया जाने वाला सर्वोच्च पुरस्कार है। ,https://en.wikipedia.org/wiki/File:Rajiv_Gandhi_Khel_Ratna_Award.jpg,2009,पद्म श्री,पद्म श्री भारत गणराज्य का चौथा सर्वोच्च नागरिक पुरस्कार है,https://commons.wikimedia.org/wiki/File:Padma_Shri_India_IIIe_Klasse.jpg,2018,पद्म भूषण,पद्म भूषण भारत गणराज्य का तीसरा सबसे बड़ा नागरिक पुरस्कार है,https://commons.wikimedia.org/wiki/File:Padma_Bhushan_India_IIe_Klasse.jpg,,,,,,,,,धोनी भारत के सबसे सफल टेस्ट कप्तान हैं।,,"धोनी 4,000 टेस्ट रन पूरे करने वाले पहले भारतीय विकेटकीपर हैं",,"धोनी का ऑस्ट्रेलिया के खिलाफ चेन्नई में बनाया गया 224 रन, किसी भारतीय कप्तान द्वारा बनाया गया तीसरा सबसे बड़ा टेस्ट स्कोर है",,टेस्ट करियर में किसी भी विकेटकीपर द्वारा की गयी सबसे अधिक स्टंपिंग (38) धोनी ने की है,,धोनी 100 वनडे मैच जीतने वाले तीसरे (और पहले गैर-ऑस्ट्रेलियाई) कप्तान हैं,
O3,रोहित शर्मा,https://commons.wikimedia.org/wiki/File:Rohit_Sharma_November_2016_(cropped).jpg,https://en.wikipedia.org/wiki/Rohit_Sharma,रोहित शर्मा एक भारतीय अन्‍तर्राष्ट्रीय क्रिकेटर हैं जो सीमित ओवरों के प्रारूप में भारत की राष्ट्रीय टीम के उप-कप्तान हैं।,रोहित शर्मा ,,30/04/1987,31,"नागपुर, भारत",SF1,https://en.wikipedia.org/wiki/Nagpur,भारतीय,G3,https://en.wikipedia.org/wiki/Indian_people,5 फीट 8 इंच (1.73 मीटर),बल्लेबाज,,,,,,"स्वामी विवेकानंद इंटरनेशनल स्कूल, मुंबई",,,,,रोहित शर्मा दाएं हाथ के बल्लेबाज हैं और कभी-कभी दाएं हाथ के ऑफ ब्रेक गेंदबाज भी रहे हैं।,https://en.wikipedia.org/wiki/Rohit_Sharma#/media/File:2015_CWC_I_v_UAE_02-28_Sharma_(01)_(cropped).JPG,भारतीय राष्ट्रीय क्रिकेट टीम,https://en.wikipedia.org/wiki/India_national_cricket_team,R1,https://en.wikipedia.org/wiki/File:Cricket_India_Crest.svg,2007-अब तक ,"भारत की राष्ट्रीय क्रिकेट टीम, जिसे टीम इंडिया और मैन इन ब्लू के नाम से भी जाना जाता है, भारतीय क्रिकेट कंट्रोल बोर्ड द्वारा संचालित है",मुंबई इंडियंस,,R7,https://en.wikipedia.org/wiki/Mumbai_Indians,2011-अब तक,"मुंबई इंडियंस मुंबई, भारत की एक फ्रैंचाइज़ी क्रिकेट टीम है।",मुंबई,2006-अब तक,https://commons.wikimedia.org/wiki/Cricket#/media/File:Cricket_ball_on_grass.jpg,https://en.wikipedia.org/wiki/Mumbai_cricket_team,मुंबई की घरेलू रणजी ट्रॉफी क्रिकेट टीम,प्रथम श्रेणी की शुरुआत,2006,,,शर्मा ने भारत ए की ओर से न्यूजीलैंड ए के विरुद्ध 2006 में रणजी मैच खेलने से पूर्व ही प्रथम श्रेणी क्रिकेट में पदार्पण किया। ,,राष्ट्रीय टीम ,2007,https://en.wikipedia.org/wiki/Ireland_cricket_team,"रोहित शर्मा ने आयरलैंड के विरुद्ध वनडे इंटरनेशनल में पदार्पण किया, हालांकि इस मैच में उन्हें बल्लेबाजी का अवसर नहीं मिला। ",वेस्ट इंडीज ,,टी 20 विश्व कप ,टी 20 विश्व कप ,2007 के आईसीसी विश्व ट्वेंटी 20 में रोहित शर्मा ने दक्षिण अफ्रीक के विरुद्ध  नाबाद 50 रन बनाए जिसकी मदद से भारतीय टीम सेमी फाइनल में पहुंची।  ,2007,P9,"
2013 आईसीसी चैंपियंस ट्रॉफी",चैंपियंस ट्रॉफी ,2013 में चैंपियंस ट्रॉफी में उन्हें सलामी बल्लेबाज के रूप में प्रोन्नत करते हुए शिखर धवन के साथ पारी शुरू करने के लिए भेजा गया।  ,2013,P10,विश्व कप ,विश्व कप ,,2015,P8,,,,,,IPL डेब्यू,2008,डेक्कन चार्जर्स ,"शर्मा को डेक्कन चार्जर्स ने प्रति वर्ष यूएस डॉलर 750,000 में 2008 के लिए साइन किया। ",R12,2013,दिलीप सरदेसाई पुरस्कार ,बीसीसीआई का दिलीप सरदेसाई पुरस्कार वर्ष के सर्वश्रेष्ठ क्रिकेटर को दिया जाता है ,,2015,अर्जुन पुरस्कार ,खेल में शानदार उपलब्धि के लिए सरकार द्वारा अर्जुन पुरस्कार दिए जाते हैं,https://en.wikipedia.org/wiki/File:Arjun_Award.jpg,,,,,,,,,,,,,"वह 2014 में, अंतर्राष्ट्रीय एक-दिवसीय मैच में 250 से अधिक रन बनाने वाले पहले व्यक्ति बने",,रोहित शर्मा इकलौते ऐसे भारतीय बल्लेबाज हैं जिन्होंने किसी पूर्ण वनडे मैच में दो अलग-अलग मौकों पर विपक्षी टीम के कुल स्कोर से ज़्यादा रन बनाये हैं।,,शर्मा ने बाउंड्री से 186 रन बना कर एक पारी में चौकों और छक्कों की मदद से बनाये गए सर्वाधिक रन का रिकॉर्ड तोड़ा,,अंतर्राष्ट्रीय टीट्वेंटी में किसी भारतीय बल्लेबाज द्वारा लगाए गए सर्वाधिक छक्के रोहित शर्मा ने लगाए हैं,,2019 में रोहित शर्मा अंतर्राष्ट्रीय टीट्वेंटी के इतिहास में सर्वाधिक रन बनाने वाले खिलाड़ी बने,
O4,शिखर धवन,https://commons.wikimedia.org/wiki/File:SHIKHAR_DHAWAN_(16005494418).jpg,https://en.wikipedia.org/wiki/Shikhar_Dhawan,शिखर धवन भारत के एक अन्‍तर्राष्ट्रीय क्रिकेटर हैं।,शिखर धवन,,05/12/1985,33,"दिल्ली, भारत",G16,https://en.wikipedia.org/wiki/Delhi,भारतीय,G3,https://en.wikipedia.org/wiki/Indian_people,5 फीट 11 इंच (180 सेमी),बल्लेबाज,,,,,,"सेंट मार्क सीनियर सेकेंडरी पब्लिक स्कूल, दिल्ली",,,,,विराट कोहली बाएं हाथ के सलामी बल्लेबाज हैं और कभी-कभी दाएं हाथ के ऑफ ब्रेक गेंदबाजी भी करते हैं।,https://en.wikipedia.org/wiki/Shikhar_Dhawan#/media/File:SHIKHAR_DHAWAN_(16007163087).jpg,भारतीय राष्ट्रीय क्रिकेट टीम,https://en.wikipedia.org/wiki/India_national_cricket_team,R1,https://en.wikipedia.org/wiki/File:Cricket_India_Crest.svg,2010-अब तक ,"भारत की राष्ट्रीय क्रिकेट टीम, जिसे टीम इंडिया और मैन इन ब्लू के नाम से भी जाना जाता है, भारतीय क्रिकेट कंट्रोल बोर्ड द्वारा संचालित है",देल्ही केपिटल्‍स ,,R16,https://en.wikipedia.org/wiki/Delhi_Capitals,2019 -अब तक,"देल्ही केपिटल्‍स (पहले देहली डेयरडेविल्स के नाम से चर्चित) दिल्ली, भारत की एक आईपीएल क्रिकेट टीम हैं।",दिल्ली,2004-अब तक,https://commons.wikimedia.org/wiki/Cricket#/media/File:Cricket_ball_on_grass.jpg,https://en.wikipedia.org/wiki/Delhi_cricket_team,दिल्ली की घरेलू रणजी ट्रॉफी क्रिकेट टीम,प्रथम श्रेणी की शुरुआत,2004,https://en.wikipedia.org/wiki/Ranji_Trophy,रणजी ट्रॉफी ,धवन ने 2004 में दिल्ली की ओर से आंध्र के खिलाफ रणजी ट्रॉफी क्रिकेट में पदार्पण किया। ,SF20,राष्ट्रीय टीम ,2010,https://en.wikipedia.org/wiki/Australia_national_cricket_team,धवन ने आस्ट्रेलिया के विरुद्ध अंतराष्ट्रीय मैच में पदार्पण किया लेकिन इसमें वे शून्य रन पर आउट हो गए। ,ऑस्ट्रेलिया,R2,चैंपियंस ट्रॉफी ,चैंपियंस ट्रॉफी ,धवन ने टुर्नामेंट में सबसे ज्यादा रन बनाए और उन्हें प्लेयर ऑफ द टुर्नामेंट घोषित किया गया। ,2013,P10,"अच्छा खेल नहीं पा रहे हैं
",टी 20 विश्व कप ,धवन ज्यादा रन बनाने में नाकाम रहे और उन्हें टीम से हटा दिया गया। ,2014,P9,विश्व कप ,विश्व कप ,2015 के विश्व कप में सबसे ज्यादा रन बनाने वाले बल्लेबाजों में धवन पांचवें स्थान पर रहे। ,2015,P8,चैंपियंस ट्रॉफी ,चैंपियंस ट्रॉफी ,टुर्नामेंट में सबसे ज्यादा रन बनाने वाले धवन को गोल्डन बैट का पुरस्कार प्राप्त हुआ। ,2017,P10,IPL डेब्यू,2008,देल्ही डेयरडेविल्स ,"आशीष नेहरा के बदले शिखर धवन को 2009 में मुंबई इंडियंस द्वारा खरीदा गया, इससे पहले तक वे देल्ही डेयरडेविल्स के लिए खेले।  ",R16,2014,विसडेन क्रिकेटर ऑफ द ईयर ,विस्डन क्रिकेटर्स अलमानैक द्वारा दिया जाना वाला वार्षिक पुरस्कार ,,,,,,,,,,,,,,,,,,शिखर धवन ने अपने पदार्पण टेस्ट मैच में किसी खिलाड़ी द्वारा बनाया गया सबसे तेज़ शतक बनाया,,आईसीसी विश्व कप 2015 में भारत की ओर से सर्वाधिक रन बनाये ,,इकलौते खिलाड़ी जिन्होंने आईसीसी चैंपियंस ट्रॉफी में सबसे अधिक रन बना बना कर लगातार 2 बार गोल्डन बैट जीता,,धवन टेस्ट मैच के पहले दिन लंच से पहले शतक लगाने वाले पहले भारतीय बल्लेबाज हैं।,,,
O38,कगिसो रबाडा,https://en.wikipedia.org/wiki/Kagiso_Rabada#/media/File:Rabada.jpg,https://en.wikipedia.org/wiki/Kagiso_Rabada,"कैगिसो रबाडा एक दक्षिण अफ्रीकी अन्‍तर्राष्ट्रीय क्रिकेटर हैं जो क्रिकेट के सभी प्रारूपों में खेलते हैं। रबाडा को केजी उपनाम से जाना जाता है, वे एक तेज गेंदबाज हैं और हाईवेल्ड लायंस के लिए घरेलू क्रिकेट खेलते हैं।", कागिसो राबाडा ,केजी ,25 May 1995 ,23,"जोहान्सबर्ग, दक्षिण अफ्रीका",SF97,https://en.wikipedia.org/wiki/Johannesburg,दक्षिण अफ़्रीकी,G6,https://en.wikipedia.org/wiki/South_Africa,6 फीट 1 इंच,राइट आर्म फास्ट,,,,,,,,,,,,https://en.wikipedia.org/wiki/Kagiso_Rabada#/media/File:KAGISO_RABADA_(15085792033).jpg,दक्षिण अफ्रीकी राष्ट्रीय टीम,https://en.wikipedia.org/wiki/South_Africa_national_cricket_team,R14,https://en.wikipedia.org/wiki/South_Africa_national_cricket_team#/media/File:Southafrica_cricket_logo.svg,2014- अब तक ,"दक्षिण अफ्रीकी राष्ट्रीय क्रिकेट टीम, जिसका नाम प्रोटियाज़ रखा गया है (दक्षिण अफ्रीका का राष्ट्रीय फूल, प्रोटिया साइबरॉइड्स, जिसे आमतौर पर ""किंग प्रोटिया"" के रूप में जाना जाता है, से), दक्षिण अफ्रीका क्रिकेट द्वारा शासित है।",देल्ही केपिटल्‍स ,,R16,https://en.wikipedia.org/wiki/Delhi_Capitals,2017- अब तक,देल्ही केपिटल्‍स एक फ्रैंचाइज़ी क्रिकेट टीम है जो इंडियन प्रीमियर लीग (आईपीएल) में दिल्ली शहर का प्रतिनिधित्व करती है।,,,https://commons.wikimedia.org/wiki/Cricket#/media/File:Cricket_ball_on_grass.jpg,,,प्रथम श्रेणी की शुरुआत,2013,,सीएसए प्रोविंसियल वनडे प्रतिस्पर्धा ,रबाडा ने 2013 में गौतंग की ओर से सीएसए प्रोविंसियल वनडे प्रतिस्पर्धा में बोर्डर के विरुद्ध पदार्पण किया। ,,राष्ट्रीय टीम ,,https://en.wikipedia.org/wiki/Australia_national_cricket_team,"रबाडा ने दक्षिण अफ्रीका की ओर से आस्ट्रेलिया के खिलाफ 5 नवंबर, 2014 को ट्वेंटी 20 इंटरनेशनल में पदार्पण किया। ",ऑस्ट्रेलिया,R2,,,रबाडा को 2014 के आईसीसी अंडर-19 क्रिकेट विश्व कप के लिए दक्षिण अफ्रीका की टीम में चुना गया। ,,,"विश्व कप उपस्थिति
",विश्व कप ,अप्रैल 2019 में उन्हें 2019 के क्रिकेट विश्व कप के लिए चुनी गई दक्षिण अफ्रीकी टीम में शामिल किया गया। ,2019,P1,,,,,,,,,,,IPL डेब्यू,2017,देल्ही कैपिटल्स ,फरवरी 2017 में रबाडा को देल्ही डेयरडेविल्स ने 2017 के इंडियन प्रीमियर लीग के लिए 5 करोड़ रुपए में खरीदा। ,R16,,,,,,,,,,,,,,,,,,,,,"जुलाई 2018 में श्रीलंका के खिलाफ पहले टेस्ट के दौरान, रबाडा टेस्ट क्रिकेट में 150 विकेट लेने वाले सबसे कम उम्र के गेंदबाज बने",,"2018 में, इन्होंने 52 विकेट के साथ टेस्ट में सबसे अधिक विकेट लिए।",,,,,,,
O39,शोएब मलिक,https://en.wikipedia.org/wiki/Shoaib_Malik#/media/File:Shoaib_Malik.jpg,https://en.wikipedia.org/wiki/Shoaib_Malik,शोएब मलिक एक पाकिस्तानी क्रिकेटर हैं और 2007 से 2009 तक पाकिस्तान टीम के कप्तान रहे हैं।,शोयब मलिक ,, 1 February 1982,37,"सियालकोट, पाकिस्तान",SF95,https://en.wikipedia.org/wiki/Sialkot,पाकिस्तानी,G5,https://en.wikipedia.org/wiki/Pakistan,5 फीट 10 इंच,ऑलराउंडर बल्लेबाज,,सानिया मिर्जा,https://en.wikipedia.org/wiki/Sania_Mirza#/media/File:Sania_Mirza_(35449409862).jpg,पत्नी,,,,,,,"मलिक को एक लचीला खिलाड़ी माना जाता है। वे बड़े शॉट्स लगाने के साथ ही अच्छे प्‍लेसमेंट के साथ स्ट्राइक रोटेट करने में भी सक्षम हैं। प्रति 100 गेंदों पर उनकी स्‍ट्राइक रेट 80.4 रन है, जो उन्‍हें राहुल द्रविड़ और इंजमाम उल-हक जैसे खिलाड़ियों के समकक्ष लाती है। ""पॉवर हिटिंग"" का उनका सर्वश्रेष्‍ठ प्रदर्शन 2003 में दक्षिण अफ्रीका के खिलाफ आया जब उन्होंने 41 गेंदों पर 82 रन बनाए।","https://en.wikipedia.org/wiki/Shoaib_Malik#/media/File:Shoaib_Malik,_Dunedin,_NZ,_2009.jpg",पाकिस्तानी राष्ट्रीय क्रिकेट टीम,https://en.wikipedia.org/wiki/Pakistan_national_cricket_team,R8,https://en.wikipedia.org/wiki/Pakistan_national_cricket_team#/media/File:PakistanCricketLogo.png,1999- अब तक ,"पाकिस्तानी पुरूष राष्‍ट्रीय क्रिकेट टीम जो शाहीन ग्रीन शर्ट और मैन इन ग्रीन के रूप में लो‍कप्रिय है, पाकिस्तान क्रिकेट बोर्ड (पीसीबी) द्वारा शासित है।",,,,,,,,,,,,प्रथम श्रेणी की शुरुआत,,,,,,राष्ट्रीय टीम ,,https://en.wikipedia.org/wiki/West_Indies_cricket_team,"शोएब मलिक ने 14 अक्तूबर, 1999 को वेस्ट इंडीज के विरुद्ध ओडीआई में पदार्पण किया। ",वेस्ट इंडीज ,R3,,,,,,,,,,,,,,,,,,,,,IPL डेब्यू,,,,,,,,,,,,,,,,,,,,,,,,,,,,,,,,,,
O40,लसिथ मलिंगा,https://en.wikipedia.org/wiki/File:LASITH_MALINGA_(5155175549).jpg,https://en.wikipedia.org/wiki/Lasith_Malinga,सेपारामाडू लसिथ मलिंगा पेशेवर श्रीलंकाई क्रिकेटर हैं और वर्तमान में श्रीलंका की अन्‍तर्राष्ट्रीय टी20 टीम के कप्तान हैं।,सेपरामाडु लसित मलिंगा ,"स्लिंगा, कागवेना, मलिंगा द स्लिंगा, मालि, रथगमा एक्सप्रेस ",28 August 1983,35,"गाले, श्रीलंका",SF93,https://en.wikipedia.org/wiki/Galle,श्रीलंकाई,G7,https://en.wikipedia.org/wiki/Sri_Lanka,,राइट आर्म फास्ट,,,,,,विद्यालोक कॉलेज,,,,,"मलिंगा का एक्‍शन शानदार टिप्पणी करने के प्रति आकर्षित करता है। क्रिकेट संदर्भ टेक्‍स्‍ट विजडन में कहा गया है कि मलिंगा का डिलीवरी एक्‍शन ""स्लिंग"" के समान है। इसी कारण उन्‍हें ""स्लिंगा मलिंगा"" उपनाम से भी जाना जाता है। मलिंगा का कहना है कि उनका अनूठा राइट-आर्म बॉलिंग एक्‍शन विशेष रूप से टेनिस बॉल के साथ क्रिकेट खेलना सीखने का नतीजा था।",https://en.wikipedia.org/wiki/Lasith_Malinga#/media/File:Lasith_Malinga_tossing_a_cricket_ball_at_practice.jpg,श्रीलंकाई क्रिकेट टीम,https://en.wikipedia.org/wiki/Sri_Lanka_national_cricket_team,R13,https://en.wikipedia.org/wiki/Sri_Lanka_national_cricket_team#/media/File:Sri_Lanka_Cricket_Cap_Insignia.svg,2004- अब तक ,"श्रीलंका की राष्ट्रीय क्रिकेट टीम, जिसका उपनाम द लायंस है, अंतरराष्ट्रीय क्रिकेट में श्रीलंका का प्रतिनिधित्व करती है।",मुंबई इंडियंस,,R7,https://en.wikipedia.org/wiki/Mumbai_Indians,2008- अब तक,"मुंबई इंडियंस (संक्षिप्त रूप एमआई) मुंबई शहर, महाराष्ट्र की एक फ्रैंचाइज़ी क्रिकेट टीम है।",,,,,,प्रथम श्रेणी की शुरुआत,,,,,,राष्ट्रीय टीम ,,https://en.wikipedia.org/wiki/Australia_national_cricket_team,"मलिंगा ने 1 जुलाई, 2004 को आस्ट्रेलिया के खिलाफ मरारा ओवल डार्विन में टेस्ट क्रिकेट में पदार्पण किया। ",ऑस्ट्रेलियाई क्रिकेट टीम,R2,विश्व कप ,विश्व कप ,2007 के क्रिकेट विश्व कप सुपर 8 मैच के लिए 28 मार्च को श्रीलंका और दक्षिण अफ्रीका के बीच खेले गए मैच में मलिंगा ने लगातार चार गेंदों पर चार विकेट प्राप्त किए और वनडे इंटरनेशनल में ऐसा करने वाले प्रथम गेंदबाज बने।  ,2007,P6,"2011 विश्व कप
",विश्व कप ,2011 के क्रिकेट विश्व कप के दौरान श्रीलंका में मलिंगा ने गुप चरण के मैच में केन्या के विरुद्ध अपने कैरियर का दूसरा हैट्रिक लिया। इसके साथ ही वह पहला ऐसा गेंदबाज बन गए जिसने विश्व कप में दो बार हैट्रिक प्राप्त की। ,2011,P7,टी 20 विश्व कप ,टी 20 विश्व कप ,दिनेश चंडीमल पर प्रतिबंध लगने के बाद वे 2014 के आईसीसी विश्व ट्वेंटी 20 के लिए श्रीलंका  क्रिकेट टीम के कप्तान बने। उन्होंने सफलतापूर्वक टीम का नेतृत्व किया जिसने विश्व कप चैंपियनशिप जीती और इस तरह वे आईसीसी विश्व ट्वेंटी 20 जीतने वाले प्रथम श्रीलंकाई कप्तान बने।  ,2014,P9,विश्व कप,विश्व कप,अप्रैल 2019 में 2019 के क्रिकेट विश्व कप के लिए उन्हें श्रीलंका की टीम में शामिल किया गया। ,2019,P1,IPL डेब्यू,2008,मुंबई इंडियंस ,मलिंगा इंडियन प्रीमियर लीग की टीम मुंबई इंडियंस के लिए खेलते हैं। इस प्रारूप में वे स्ट्राइक गेंदबाज हैं और प्रतिस्पर्धा में सबसे ज्यादा विकेट लेने वाले गेंदबाजों में से एक हैं। ,R7,,,,,,,,,,,,,,,,,,,,,अंतरराष्ट्रीय क्रिकेट में लगातार चार गेंदों पर चार विकेट लेने वाले क्रिकेट इतिहास के इकलौते गेंदबाज (बनाम दक्षिण अफ्रीका मार्च 2007),,"अगस्त 2011 में अपनी तीसरी हैट्रिक लेकर, वंडे इंटरनेशलन क्रिकेट में तीन हैट्रिक लेने वाले इतिहास के पहले और अबतक के इकलौते गेंदबाज।",,"वे दो विश्व कप हैट्रिक लेने वाले इकलौते गेंदबाज हैं, पहला उन्होंने 2007 क्रिकेट विश्व कप में दक्षिण अफ्रीका के खिलाफ और दूसरा 2011 क्रिकेट विश्व कप में केन्या के खिलाफ हासिल किया था।",,"अप्रैल 2017 तक, मलिंगा 232 मैचों में 317 विकेट के साथ सभी ट्वेंटी 20 मैचों में सबसे अधिक विकेट लेने के मामले में दूसरे नंबर पर हैं।",,मलिंगा ने इंडियन प्रीमियर लीग में सबसे ज्यादा (161) विकेट हासिल किए।,
O41,राशिद खान,-,https://en.wikipedia.org/wiki/Rashid_Khan_(cricketer),"राशिद खान अरमान, जो राशिद खान के नाम से जाने जाते हैं, एक अफगानी क्रिकेटर हैं और वर्तमान में अन्‍तर्राष्ट्रीय ट्वेंटी20 (टी20आई) की राष्‍ट्रीय टीम के कप्तान हैं।",राशिद खान ,,20 September 1998,20,"नांगरहार, अफगानिस्तान",SF94,https://en.wikipedia.org/wiki/Nangarhar_Province,अफ़ग़ानी,,https://en.wikipedia.org/wiki/Afghanistan,,राइट-आर्म लेग ब्रेक ,,,,,,,,,,,"राशिद अपने भाइयों के साथ क्रिकेट खेलते बड़े हुए और पाकिस्तानी ऑलराउंडर शाहिद अफरीदी, जिनसे उन्होंने अपने गेंदबाजी एक्शन को दिशा दिया और वे उन्‍हें अपने आदर्श के रूप में प्रस्‍तुत करते हैं। ",,अफगानिस्‍तान राष्ट्रीय क्रिकेट टीम,https://en.wikipedia.org/wiki/Afghanistan_national_cricket_team,R17,https://en.wikipedia.org/wiki/Afghanistan_national_cricket_team#/media/File:Afghanistan_cricket_board_logo.jpg,2015-अब तक ,अफगानिस्तान की राष्ट्रीय क्रिकेट टीम पूर्ण सदस्य राष्ट्र के रूप में खेलने वाली 12वीं टेस्ट क्रिकेट टीम है। ,सनराइजर्स हैदराबाद,,R12,https://en.wikipedia.org/wiki/Sunrisers_Hyderabad,2017- अब तक ,"सनराइजर्स हैदराबाद (प्राय: संक्षिप्त रूप एसआरएच) हैदराबाद, तेलंगाना की एक फ्रैंचाइजी क्रिकेट टीम है, जो इंडियन प्रीमियर लीग (आईपीएल) में खेलती है।",,,,,,प्रथम श्रेणी की शुरुआत,,,,,,राष्ट्रीय टीम ,,,"उन्होंने अफगानिस्तान की ओर से जिम्बाबे के विरुद्ध 18 अक्तूबर, 2015 को वनडे इंटरनेशनल (ओडीआई) में पदार्पण किया। ",जिम्बाबे ,,विश्व कप ,विश्व कप ,अप्रैल 2019 में 2019 क्रिकेट विश्व कप के लिए अफगानिस्तान की टीम में उन्हें शामिल किया गया। ,,,,,,,,,,,,,,,,,,IPL डेब्यू,2017,सनराइजर्स हैदराबाद,फरवरी 2017 में उन्हें सनराइजर्स हैदराबाद ने 2017 के इंडियन प्रीमियर लीग (आईपीएल) के लिए 4 करोड़ में खरीदा था। वे पहले ऐसे दो अफगानी खिलाड़ी हैं जिनका चयन आईपीएल में किया गया।  ,R12,2018,एसोसिएट क्रिकेटर ऑफ द ईयर ,,,,,,,,,,,,,,,,,,,"जून 2017 में, इन्होंने वंडे इंटरनेशनल मैच में किसी असोसिएट नेशन के लिए सर्वश्रेष्ठ गेंदबाजी आंकड़े प्राप्त किये।",,"फरवरी 2018 में, ये वंडे मैचों की आईसीसी प्लेयर रैंकिंग में शीर्ष पर पहुँचने वाले सबसे युवा गेंदबाज बने",,"सितंबर 2018 में, वह 2018 एशिया कप में अपने प्रदर्शन के बाद आईसीसी की ऑल-राउंडर रैंकिंग में नंबर एक खिलाड़ी बने।",,,,,
O42,मुशफिकुर रहीम ,"https://en.wikipedia.org/wiki/Mushfiqur_Rahim#/media/File:Mushfiqur_Rahim_batting_against_England_at_Lords_in_2010,_cropped.jpg",https://en.wikipedia.org/wiki/Mushfiqur_Rahim,मोहम्मद मुशफिकुर रहीम बांग्लादेशी क्रिकेटर हैं और बांग्लादेश की राष्ट्रीय क्रिकेट टीम के पूर्व कप्तान हैं।,मोहमद मुसाफिकुर रहीम ,,9 June 1987 ,31,"बोगरा, बांग्लादेश",SF92,https://en.wikipedia.org/wiki/Bogra,बांग्लादेशी,,https://en.wikipedia.org/wiki/Bangladesh,5 फीट 4 इंच,विकेट कीपर बल्लेबाज,,,,,,जहांगीरनगर_यूनिवर्सिटी ,,,,,,"https://en.wikipedia.org/wiki/Mushfiqur_Rahim#/media/File:Mushfiqur_Rahim_batting_against_England_at_Lords_in_2010,_cropped.jpg",बांग्लादेश क्रिकेट टीम,https://en.wikipedia.org/wiki/Bangladesh_national_cricket_team,R18,https://en.wikipedia.org/wiki/Bangladesh_Cricket_Board#/media/File:Bangladesh_Cricket_Board_Logo.svg,2004- अब तक ,"बांग्लादेश की राष्ट्रीय क्रिकेट टीम  ""द टाइगर्स"" के नाम से लो‍कप्रिय है, बांग्लादेश क्रिकेट बोर्ड (बीसीबी) द्वारा शासित है।",,,,,,,,,,,,प्रथम श्रेणी की शुरुआत,,,,,,राष्ट्रीय टीम ,,https://en.wikipedia.org/wiki/England_cricket_team,रहीम का चयन बांग्लादेश के इंग्लैंड दौरे के लिए 2005 में चयन किया गया। यह बांग्लादेश का प्रथम इंग्लैंड दौरा था। ,इंग्लैंड ,R4,विश्व कप ,विश्व कप ,उसका अच्छा प्रदर्शन ने उन्हें वेस्ट इंडीज में हुए विश्व कप के लिए खालीद मसूद के ऊपर तरजीह देकर पहली पसंद बनाया। ,2007,P6,"2011 विश्व कप
",विश्व कप ,रहीम को 2011 के विश्व कप के लिए  बांग्लादेश के 15 सदस्यीय टीम में शामिल किया गया। बांग्लादेश ग्रुप चरण में ही टूर्नामेेट से बाहर हो गया और व्यक्तिगत तौर पर रहीम का प्रदर्शन भी फीका रहा। ,2011,P7,विश्व कप ,विश्व कप ,अप्रैल 2019 में उसका नाम 2019 के विश्व कप के लिए चुनी गई बांग्लादेश की टीम में शामिल किया गया है। ,2019,P1,,,,,,IPL डेब्यू,,,,,,,,,,,,,,,,,,,,,,,,,,,,,,,,,,