Article Link ID,Name of the place,Header image,Wikipedia Link to Place,Short summary description of the place,Important day 1,Important day 1 date,Important day 2,Important day 2 date,Important day 3,Important day 3 date,Total Area of country (km squared),Population,Other names,Capital city,Largest city,Timezone,History Phase 1 Title,History Phase 1 Time period,History Phase 1 Small description,History Phase 2 Title,History Phase 2 Time period,History Phase 2  Small description,History Phase 3 Title,History Phase 3 Time period,History Phase 3  Small description,History Phase 4 Title,History Phase 4 Time period,History Phase 4  Small description,Government,Prime minister name,Prime minister image link,President,President image link,Chief Justice name,Chief Justice image link,Team ID Code,Player 1 ID Code,Player 2 ID Code,Geography,Link to relevant image  - geography,Culture Card 1 Title,Small description 1,Culture card Image 1,Culture Card 2 Title,Small description 2,Culture card Image 2,Culture Card 3 Title,Small description 3,Culture card Image 3,Culture Card 4 Title,Small description 4,Culture card Image 4,Demographics - Languages,Religion 1 Name ,Religion 1 %ge,Religion 2 Name ,Religion 2 %ge,Religion 3 Name ,Religion 3 %ge,Religion 4 Name ,Religion 4 %ge,Religion 5 Name ,Religion 5 %ge,Religion 6 Name ,Religion 6 %ge,Religion 7 Name ,Religion 7 %ge,Religion 8 Name ,Religion 8 %ge
G7,श्री लंका,https://commons.wikimedia.org/wiki/File:Flag_of_Sri_Lanka.svg,https://hi.wikipedia.org/wiki/%E0%A4%B6%E0%A5%8D%E0%A4%B0%E0%A5%80%E0%A4%B2%E0%A4%82%E0%A4%95%E0%A4%BE,"श्रीलंका, आधिकारिक रूप से डेमोक्रेटिक सोशलिस्ट रिपब्लिक ऑफ़ श्रीलंका, दक्षिण एशिया का एक द्वीप देश है, जो हिंद महासागर में बंगाल की खाड़ी के दक्षिण-पश्चिम में और अरब सागर के दक्षिण-पूर्व में स्थित है।","स्वतंत्रता दिवस
",4 फरवरी 1948,"गणतंत्र दिवस
",22 May 1972 ,,,"65,610 वर्ग किमी","21,670,000 (2018)",सीलोन,श्री जयवर्धनेपुरा कोट्टे ,कोलंबो,यूटीसी+5:30,प्रागितिहास,,"श्रीलंका में मानव उपनिवेशीकरण के साक्ष्य बालनगोड़ा स्थल पर दिखाई देते हैं। बालनगोड़ा मानव लगभग 34,000 साल पहले द्वीप पर पहुंचे और उनकी पहचान मेसोलिथिक शिकारी संग्रहकर्ताओं के रूप में की जाती है, जो गुफाओं में रहते थे। ",पूर्व अनुराधापुरा काल,377 ई.पू–1017,"श्रीलंकाई इतिहास के पूर्व अनुराधापुरा काल या प्रारंभिक राज्यों की अवधि प्रागैतिहासिक काल की अंतिम शताब्दियों में ऐतिहासिक अभिलेखों की क्रमिक शुरुआत और 377 ईसा पूर्व में समाप्त होती है। महावंश के अनुसार, श्रीलंका के मूल निवासी, यक्ष और उत्तरी नागा जनजाति हैं।",अनुराधापुरा काल,377 ई.पू.–1017,"अनुराधापुरा काल श्रीलंका के इतिहास में 377 ईसा पूर्व से 1017 ईस्वी तक अनुराधापुरा साम्राज्य की एक अवधि थी। वह दौर शुरू होता है जब उपुतिसा नुवारा के राजा पांडुकभैया ने प्रशासन को अनुराधापुरा में स्थानांतरित कर दिया, राज्य के पहले सम्राट बनकर। अनुराधापुरा को विविध आबादी वाले एक प्राचीन महानगरीय गढ़ के रूप में चित्रित किया गया है।",पोलोन्नरुवा काल,1056–1232,पोलोनारुवा काल श्रीलंका के इतिहास में 1056 से 1236 तक पोलोन्नारुवा साम्राज्य की एक अवधि थी। यह अवधि अनुराधापुरा पर चोल विजय के बाद शुरू होती है।,"श्रीलंका की राजनीति एक अर्ध-राष्ट्रपति प्रतिनिधि लोकतांत्रिक गणराज्य के ढांचे में होती है, जिसके तहत श्रीलंका के राष्ट्रपति राज्य के प्रमुख और सरकार के प्रमुख और एक बहुदलीय व्यवस्था के प्रमुख होते हैं। सरकार द्वारा कार्यकारी शक्ति का प्रयोग किया जाता है। सरकार और संसद दोनों में विधायी शक्ति निहित है।",रानिल विक्रमसिंघे,"https://commons.wikimedia.org/wiki/File:Prime_Minister_Ranil_Wickremesinghe_Portrait,_2017.jpg",मात्रिपाला श्रीसेना ,https://commons.wikimedia.org/wiki/File:Maithripala-_Russia_(portrait).jpg,न्यायमूर्ति हेतीकाननंगे नलिन जयलथ परेरा,,R13,O24,O40,"श्रीलंका, जिसे पहले ""सीलोन"" कहा जाता था, हिंद महासागर में दक्षिण उप-महाद्वीप के दक्षिणपूर्व में एक द्वीप राष्ट्र है, जो प्रमुख हिंद महासागर की समुद्री गलियारों के पास एक रणनीतिक स्थान पर है। राष्ट्र का कुल क्षेत्रफल 65,610 वर्ग किमी है, जिसमें 64,740 किमी भूमि और 870 किमी² जल है। इसकी तटरेखा 1,340 किमी (830 मील) लंबी है।",https://commons.wikimedia.org/wiki/File:Sri_lanka_southern_province_aerial_view.jpg,भोजन,"व्यंजन में चावल और करी, पिट्ठू, किरीबाथ, साबुत रोटी, स्ट्रिंग हॉपर, वट्टलपम, कोट्टू और हॉपर शामिल हैं।",https://commons.wikimedia.org/wiki/File:SL-rice_and_curry.jpg,त्योहार ,"अप्रैल में, श्रीलंकाई बौद्ध और हिंदू नए साल का त्योहार मनाते हैं।",https://commons.wikimedia.org/wiki/File:Vavuniya_Kavadi.JPG,खेल ,"जबकि श्रीलंका में राष्ट्रीय खेल वॉलीबॉल है, अब तक देश में सबसे लोकप्रिय खेल क्रिकेट है।",https://commons.wikimedia.org/wiki/File:SCC_Ground_Colombo.jpg,कला प्रदर्शन,"श्रीलंकाई शास्त्रीय नृत्य की तीन मुख्य शैलियाँ हैं। वे हैं, कांडियन नृत्य, निम्न देश नृत्य और सबरागमुवा नृत्य।",https://commons.wikimedia.org/wiki/File:Sri_Lanka_traditional_drum.jpg,सिंहल और तमिल श्रीलंका के दो आधिकारिक भाषाएँ हैं। संविधान में अंग्रेजी को कड़ी भाषा के रूप में परिभाषित किया गया है|,थेरवाद बौद्ध,70.20%,हिंदू,12.60%,मुस्लिम,9.70%,रोमन कैथोलिक,6.10%,अन्य ईसाई,1.30%,,,,,,
G6,दक्षिण अफ्रीका,https://commons.wikimedia.org/wiki/File:Flag_of_South_Africa.svg,https://hi.wikipedia.org/wiki/%E0%A4%A6%E0%A4%95%E0%A5%8D%E0%A4%B7%E0%A4%BF%E0%A4%A3_%E0%A4%85%E0%A4%AB%E0%A4%BC%E0%A5%8D%E0%A4%B0%E0%A5%80%E0%A4%95%E0%A4%BE,"दक्षिण अफ्रीका, आधिकारिक तौर पर दक्षिण अफ्रीका गणराज्य (आरएसए), अफ्रीका का सबसे दक्षिणी देश है। यह दक्षिण में दक्षिणी अटलांटिक और हिन्द महासागरों से 2,798 किलोमीटर लंबे समुद्र तट से घिरा हुआ है।","स्वतंत्रता दिवस
",31 मई 1910,"गणतंत्र दिवस
",31 May 1961,,,1221037 वर्ग किमी,57725600 (2018 अनुमान),"दक्षिण अफ्रीका, दक्षिण अफ्रीका के गणराज्य, मन्ज़सी, अज़ानिया का संघ","प्रिटोरिया (कार्यकारी), ब्लोम्फोनेटिन (न्यायिक), केप टाउन (विधायी)",जोहानसबर्ग,यूटीसी+2,प्रागैतिहासिक पुरातत्व,,"विभिन्न होमिनिड प्रजातियाँ दक्षिण अफ्रीका में लगभग तीस लाख साल पहले से मौजूद थीं, जिसकी शुरुआत आस्ट्रेलोपिथेकस अफ्रीकी से हुई थी। पुरातत्वविदों ने गौतेंग प्रांत में गुफाओं की श्रृंखला से व्यापक जीवाश्म अवशेष बरामद किए हैं।",बंटू विस्तरण,,"बंटू बोलने वाले लोगों की बस्तियाँ, जो लोहे का उपयोग करने वाले कृषक और चरवाहे थे, पहले से ही 4 या 5 वीं शताब्दी तक लिम्पोपो नदी (अब बोत्सवाना और जिम्बाब्वे के बीच उत्तरी सीमा) के दक्षिण में मौजूद थे। उन्होंने मूल खोइसन बोलने वाले, खोईखोई और सैन लोगों को विस्थापित किया, जीत लिया और अवशोषित कर लिया।",पुर्तगाली संपर्क,1487,"यूरोपीय संपर्क के समय, प्रमुख जातीय समूह बंटू बोलने वाले लोग थे, जो लगभग एक हजार साल पहले अफ्रीका के अन्य हिस्सों से चले गए थे। दो प्रमुख ऐतिहासिक समूह झोसा और ज़ुलु लोग थे। 1487 में, पुर्तगाली खोजकर्ता बार्टोलोमू डायस ने दक्षिणी अफ्रीका में उतरने वाली पहली यूरोपीय यात्रा का नेतृत्व किया।",डच उपनिवेशिकरण,1652,"केप समुद्री मार्ग की खोज के डेढ़ सदी बाद, जन वैन रिबेक ने डच ईस्ट इंडिया कंपनी की ओर से केप टाउन ऑफ गुड होप में एक विक्चुअलाइजिंग स्टेशन की स्थापना की।","दक्षिण अफ्रीका एक संसदीय गणतंत्र है, हालांकि अधिकांश ऐसे गणराज्यों के विपरीत राष्ट्रपति राज्य के प्रमुख और सरकार के प्रमुख हैं, और संसद के विश्वास पर उनके कार्यकाल के लिए निर्भर करता है।",,,सिरिल रामाफोसा,https://commons.wikimedia.org/wiki/File:Meeting_of_2018_BRICS_leaders_with_delegation_heads_from_invited_states_(5)_(cropped).jpg,थॉमस रेत्सांग मोगेंग,,R14,O29,O38,"दक्षिण अफ्रीका, अफ्रीका के सबसे दक्षिणी क्षेत्र में स्थित है, जिसमें एक लंबी तटरेखा है जो 2,500 किमी (1,553 मील) से अधिक और दो महासागरों (दक्षिण अटलांटिक और भारतीय) के साथ फैली हुई है।",https://commons.wikimedia.org/wiki/File:Durban_beach.jpg,कला ,"दक्षिण अफ्रीकी कला में दुनिया की सबसे पुरानी कला वस्तुएं शामिल हैं, जिन्हें दक्षिण अफ्रीकी गुफा में खोजा गया था और 75,000 साल पहले की तिथि थी।","https://commons.wikimedia.org/wiki/File:San_Painting,_Ukalamba_Drakensberge_1.JPG",लोकप्रिय संस्कृति," अफ्रीकी मीडिया क्षेत्र बड़ा है, और दक्षिण अफ्रीका अफ्रीका के प्रमुख मीडिया केंद्रों में से एक है। जबकि दक्षिण अफ्रीका के कई प्रसारकों और प्रकाशनों ने आबादी की विविधता को समग्र रूप से दर्शाया है, सबसे अधिक इस्तेमाल की जाने वाली भाषा अंग्रेजी है। हालांकि, सभी दस अन्य आधिकारिक भाषाओं का कुछ हद तक या किसी अन्य का प्रतिनिधित्व किया जाता है।",https://commons.wikimedia.org/wiki/File:South_African_Broadcasting_Corporation_logo.svg,भोजन ,"दक्षिण अफ्रीकी व्यंजन बहुत अधिक मांस आधारित है और यह  ब्राई नामक विशिष्ट दक्षिण अफ्रीकी सामाजिक सभा, जो बारबेक्यू का एक भिन्न स्वरूप है, में व्यापक है। दक्षिण अफ्रीका एक प्रमुख शराब उत्पादक के रूप में भी विकसित हुआ है।",https://commons.wikimedia.org/wiki/File:Braai_Fire.JPG,खेल ,"दक्षिण अफ्रीका के सबसे लोकप्रिय खेल फुटबॉल, रग्बी और क्रिकेट हैं।",https://commons.wikimedia.org/wiki/File:South_African_Cricket_team_2008.jpg,"अफ्रीकी, इसाईडेले, सेपेडी, सेसोथो सा बोरवा, सिस्वाती, शीत्सोंगा, सेत्सवाना, त्सिवेना, इशीएक्सोसा, और इज़ुलु",प्रोटेस्टेंट,73.20%,कोई धर्म नहीं,14.90%,कैथोलिक,7.40%,मुस्लिम,1.70%,हिंदू,1.10%,अन्य विश्वास,1.70%,,,,
G10,इंगलैंड,https://en.wikipedia.org/wiki/File:Flag_of_England.svg,https://hi.wikipedia.org/wiki/%E0%A4%87%E0%A4%82%E0%A4%97%E0%A5%8D%E0%A4%B2%E0%A5%88%E0%A4%A3%E0%A5%8D%E0%A4%A1,इंग्लैंड एक ऐसा देश है जो यूनाइटेड किंगडम का हिस्सा है। यह पश्चिम में स्कॉटलैंड और उत्तर-पश्चिम में वेल्स के साथ भूमि की सीमाओं को साझा करता है।,संत जॉर्ज का दिन,23 अप्रैल,,,,,"130,279 वर्ग किमी",55619400 (2017 अनुमान),,लंडन,लंडन,"यूटीसी, यूटीसी+1 (ग्रीष्म)",पुरापाषाण,500000 वर्ष पूर्व और पूर्वतर,"मानव द्वारा ब्रिटेन का सबसे पहला ज्ञात आवासन पूर्व पाषाण युग के दौरान था। इस विशाल अवधि में पर्यावरण में कई बदलाव देखने को मिले, जिनमें हिम युग भी शामिल हैं जो इस क्षेत्र में मानव बस्ती को बहुत प्रभावित करते हैं।",नवपाषाण युग,4300 – 2000 ई.पू.,"नवपाषाण युग के दौरान जीवन का ज्यादा व्यवस्थित तरीका शुरू हुआ था, हालांकि ब्रिटेन में केवल कुछ ही वास्तविक निवास स्थल ज्ञात हैं। ",लौह युग,750 ई.पू. – 43 ईस्वी,"आमतौर पर यह माना जाता है कि 500 ईसा पूर्व तक ब्रिटिश द्वीपों में बसे ज्यादातर लोग कॉमन ब्रायथोनिक बोल रहे थे। लौह युग के ब्रिटिश एक संगठित जनजाति समूह में रहते थे, जो एक सरदार द्वारा शासित था। जैसे-जैसे आबादी बढ़ी, विरोधी जनजातियों के बीच युद्ध शुरू हो गए।",मध्य काल,5वीं से 15वीं शताब्दी ईस्वी,"जब इंग्लैंड रोमन साम्राज्य के पतन से उभरा, तो अर्थव्यवस्था काफ़ी मुश्किलों में थी और कई कस्बों को त्याग दिया गया था। एक समृद्ध कलात्मक संस्कृति एंग्लो-सैक्सन के तहत विकसित हुई। उन्होंने 7वीं शताब्दी में ईसाई धर्म अपना लिया और पूरे इंग्लैंड में मठों और कॉन्वेंटों का एक नेटवर्क बनाया गया।","यूनाइटेड किंगडम के हिस्से के रूप में, इंग्लैंड में मूल राजनीतिक प्रणाली एक संवैधानिक राजतंत्र और संसदीय प्रणाली है।",थेरेसा मे ,https://commons.wikimedia.org/wiki/File:Theresa_May_portrait.jpg,,,"इयान डंकन बर्नेट, माल्डन के बैरन बर्नेट, पीसी",https://commons.wikimedia.org/wiki/File:Royal_Coat_of_Arms_of_the_United_Kingdom.svg,R4,O31,O32,"इंग्लैंड में ग्रेट ब्रिटेन के द्वीप के मध्य और दक्षिणी दो-तिहाई, साथ ही कुछ अपतटीय द्वीप शामिल हैं। यह स्कॉटलैंड के उत्तर में, और वेल्स पश्चिम में स्थित है।","https://commons.wikimedia.org/wiki/File:Widecombe_in_the_Moor,_Devon.jpg",आर्किटेक्चर ,प्रागैतिहासिक काल के दौरान स्टोनहेंज सहित कई प्राचीन खड़े पत्थर के स्मारक बनाए गए थे। रोमन जिन्होंने लंदन जैसे पहले शहरों और कस्बों की स्थापना की और विस्तृत इमारतों की शुरुआत की। मध्यकालीन वास्तुकला की इमारतें सरल निर्माण थीं। 1930 के दशक से विभिन्न आधुनिकतावादी रूप सामने आए हैं।,https://commons.wikimedia.org/wiki/File:Westminster_abbey_west.jpg,साहित्य ,"प्रारंभिक लेखकों ने लैटिन में लिखा। पुरानी अंग्रेजी साहित्य की अवधि ने महाकाव्य कविता बियोवुल्फ़ प्रदान की है। द कैंटरबरी टेल्स के लेखक जेफ्री चौसर के साथ मध्य अंग्रेजी साहित्य उभरा। विलियम शेक्सपियर, जिनके कार्यों में हेमलेट, रोमियो और जूलियट और मैकबेथ शामिल हैं, अंग्रेजी साहित्य में सबसे अधिक प्रतिष्ठित लेखकों में से एक हैं।",https://commons.wikimedia.org/wiki/File:Geoffrey_Chaucer_(17th_century).jpg,,,,संगीत ,"इंग्लैंड के पारंपरिक लोक संगीत सदियों पुराना है। शास्त्रीय संगीत के शुरुआती अंग्रेजी संगीतकारों में पुनर्जागरण कलाकार शामिल हैं। लोकप्रिय संगीत में, कई अंग्रेजी कलाकारों जैसे द बीटल्स, लेड जेपेलिन, पिंक फ्लॉयड, एल्टन जॉन और क्वीन को सार्वकालिक सबसे प्रभावशाली संगीतकारों के रूप में उद्धृत किया गया है।",https://commons.wikimedia.org/wiki/File:The_Beatles_in_America.JPG,"अंग्रेजी, पोलिश, पंजाबी, उर्दू, बंगाली, आदि।",ईसाई धर्म,59.40%,नास्तिक,24.70%,इस्लाम,5%,,,,,,,,,,
G3,भारत,https://en.wikipedia.org/wiki/File:Flag_of_India.svg,https://hi.wikipedia.org/wiki/%E0%A4%AD%E0%A4%BE%E0%A4%B0%E0%A4%A4,"भारत, जिसे भारत गणराज्य के रूप में भी जाना जाता है, दक्षिण एशिया का एक देश है। यह 1.3 बिलियन से ज्यादा आबादी के साथ  क्षेत्रफल में सातवां सबसे बड़ा देश है जहां  के साथ स्थित है  यह दूसरा सबसे अधिक आबादी वाला देश है और साथ ही दुनिया में सबसे अधिक आबादी वाला लोकतंत्र है।","स्वतंत्रता दिवस
",15 अगस्त 1947,"गणतंत्र दिवस
",26 January 1950,,,3287263 वर्ग किमी,1324171354 (2016 अनुमान),,नई दिल्ली,मुंबई,यूटीसी+5:30,प्राचीन भारत,`- 600 ईस्वी,सिंधु घाटी सभ्यता दक्षिण एशिया में पहली शहरी संस्कृति थी।,मध्यकालीन भारत,600 - 1500 ईस्वी,"6 और 7वीं शताब्दी में, पहला भक्ति भजन तमिल भाषा में बनाया गया था। पूरे भारत में उनकी नकल की गई और इसने हिंदू धर्म के पुनरुत्थान और उपमहाद्वीप की सभी आधुनिक भाषाओं के विकास का नेतृत्व किया।",प्रारंभिक आधुनिक भारत,1500 - 1850 ईस्वी,17वीं शताब्दी के दौरान मुगल साम्राज्य द्वारा बनाई रखी गई आपेक्षिक शांति भारत के आर्थिक विस्तार की कारक थी। 18वीं शताब्दी की शुरुआत में कई यूरोपीय व्यापारिक कंपनियों ने तटीय चौकियों की स्थापना की थी।,ब्रिटिश शासन,1858 - 1947 ईस्वी,1857 के भारतीय विद्रोह ने ब्रिटिश सरकार द्वारा ईस्ट इंडिया कंपनी के विघटन और भारत पर प्रत्यक्ष प्रशासन का आरंभ करवा दिया।,भारत में एक संसदीय गणतंत्र एक बहुदलीय प्रणाली है।,नरेंद्र मोदी,https://en.wikipedia.org/wiki/File:PM_Modi_Portrait(cropped).jpg,रामनाथ कोविन्द ,https://en.wikipedia.org/wiki/File:Ram_Nath_Kovind_official_portrait.jpg,रंजन गोगोई ,https://commons.wikimedia.org/wiki/File:CJI_Ranjan_gogoi.jpg,R1,O2,O5,"भारत में भारतीय उपमहाद्वीप का बड़ा हिस्सा है, जो भारतीय टेक्टॉनिक प्लेट के ऊपर स्थित है, जो इंडो-ऑस्ट्रेलियन प्लेट का एक हिस्सा है।",https://commons.wikimedia.org/wiki/File:KedarRange.jpg,कला और वास्तुकला,"ताजमहल, मुगल वास्तुकला के अन्य कार्यों और दक्षिण भारतीय वास्तुकला सहित कई भारतीय वास्तुकला आयातित शैलियों के साथ प्राचीन स्थानीय परंपराओं का मिश्रण है।",https://commons.wikimedia.org/wiki/File:Taj_Mahal_(Edited).jpeg,साहित्य ,"20 वीं शताब्दी में, भारतीय साहित्य बंगाली कवि और उपन्यासकार रवींद्रनाथ टैगोर के कार्यों से प्रभावित था, जो साहित्य में नोबेल पुरस्कार के प्राप्तकर्ता थे।",https://commons.wikimedia.org/wiki/File:Rabindranath_Tagore.jpg,कला प्रदर्शन ,"भारतीय नृत्य में विविध लोक और शास्त्रीय रूप भी हैं। बेहतर ज्ञात लोक नृत्यों में पंजाब का भांगड़ा, असम का बिहू, झारखंड, ओडिशा और पश्चिम बंगाल का झूमर और छऊ, गुजरात का गरबा और डांडिया, राजस्थान का घूमर, और महाराष्ट्र की लावणी शामिल हैं।",https://en.wikipedia.org/wiki/File:Inde_muria_0511.jpg,"चल चित्र, टेलीविज़न ",भारतीय फिल्म उद्योग दुनिया के सबसे ज्यादा देखा जाने वाले सिनेमा का निर्माण करता है। दक्षिण भारतीय सिनेमा राष्ट्रीय फिल्म राजस्व का 75% से अधिक का योगदान करता है।,https://commons.wikimedia.org/wiki/File:Amitabh.jpg,"हिंदी, अंग्रेजी, असमिया, बंगाली, बोडो, डोगरी, गुजराती, कन्नड़, कश्मीरी, कोकबोरोक, कोंकणी, मैथिली, मलयालम, मणिपुरी, मराठी, मिजो, नेपाली, ओडिया, पंजाबी, संस्कृत, संताली, सिंधी, तमिल, तेलुगु, उर्दू",हिंदू धर्म,79.8%,इस्लाम,14.2%,ईसाई धर्म,2.3% ,सिख धर्म ,1.7% ,बौद्ध धर्म,0.7% ,जैन धर्म,0.4% ,अन्य,0.9% ,,
G8,न्यूजीलैंड,https://commons.wikimedia.org/wiki/File:Flag_of_New_Zealand.svg,https://hi.wikipedia.org/wiki/%E0%A4%A8%E0%A5%8D%E0%A4%AF%E0%A5%82%E0%A4%9C%E0%A4%BC%E0%A5%80%E0%A4%B2%E0%A5%88%E0%A4%A3%E0%A5%8D%E0%A4%A1,"न्यूजीलैंड दक्षिण पश्चिमी प्रशांत महासागर में एक संप्रभु द्वीप देश है। भौगोलिक रूप से देश में दो मुख्य भूभाग और लगभग 600 छोटे द्वीप हैं। न्यूजीलैंड ऑस्ट्रेलिया से लगभग 2,000 किलोमीटर पूर्व में स्थित है।",ANZAC दिवस,25 अप्रैल,वैतांगी दिवस,6 February,,,"268,021 वर्ग किमी","4,960,350 (2019 अनुमान)",एटोरिया,वेलिंगटन,ऑकलैंड,"यूटीसी+12 (UTC+13, ग्रीष्म)",प्रारंभिक बस्ती,13 वीं शताब्दी ई.पू.,"न्यूज़ीलैंड मनुष्यों द्वारा बसे अंतिम प्रमुख भूस्थलों में से एक था। इसे पॉलिनेशियनों द्वारा खोजा और बसाया गया, जिन्होंने एक विशिष्ट माओरी संस्कृति विकसित की। सबसे वर्तमान विश्वसनीय सबूत दृढ़ता से इंगित करता है कि न्यूजीलैंड का प्रारंभिक आवासन 1280 - 1320 ईस्वी में हुआ।",प्रारंभिक यूरोपीय अन्वेषण,16वीं -18वीं सदी ईस्वी,"न्यूजीलैंड पहुंचने वाले पहले यूरोपीय डच अन्वेषक हाबिल तस्मान और उनका कर्मी दल था। यूरोपीय लोग 1769 तक न्यूजीलैंड वापस नहीं आए, जब ब्रिटिश खोजकर्ता जेम्स कुक ने लगभग पूरे समुद्र तट की मैपिंग की। कई यूरोपीय और उत्तरी अमेरिकी जहाज़ें व्यापार के लिए पीछे-पीछे आए। 1801 और 1840 के बीच, अंतर-आदिवासी युद्धों के दौरान कई माओरी निवासी मारे गए और इस तरह जनसंख्या में गिरावट आई।",प्रारंभिक यूरोपीय बस्ती,आरंभिक 19वीं सदी ईस्वी,"19वीं शताब्दी के शुरुआती दशकों में यूरोपीय बस्तियों में वृद्धि हुई। 1840 में माओरी प्रमुखों और अंग्रेजों के बीच वतांगी की संधि पर हस्ताक्षर करने के साथ, बाद में क्वीन विक्टोरिया के तहत एक उपनिवेश के रूप में न्यूजीलैंड की स्थापना हुई। संधि की विसंगतियों के कारण असहमति और सशस्त्र संघर्ष उत्पन्ऩ हुए।",उपनिवेश काल,परवर्ती 19वीं सदी,"सबसे पहले न्यूजीलैंड को न्यू साउथ वेल्स की कॉलोनी के हिस्से के रूप में ऑस्ट्रेलिया से प्रशासित किया गया था जब तक कि 1841 में न्यूजीलैंड अपने आप में एक ब्रिटिश कॉलोनी नहीं बन गया। कुछ 400,000 आबादकार ब्रिटेन से आए, जिनमें से 300,000 स्थायी रूप से बसे रहे।",न्यूजीलैंड की संसद में विधायी शक्ति है और इसमें महारानी और प्रतिनिधि सभा शामिल हैं। प्रतिनिधि सभा लोकतांत्रिक रूप से चुनी जाती है और बहुमत से सीटों के साथ पार्टी या गठबंधन से सरकार बनाई जाती है।,जैकिंडा अर्डर्न,https://commons.wikimedia.org/wiki/File:Jacinda_Ardern_at_the_University_of_Auckland_(cropped).jpg,,,डेम हेलेन विंकेलमैन,https://commons.wikimedia.org/wiki/File:Helen_Winkelmann_2014_(cropped).jpg,R15,O30,O22,"न्यूजीलैंड दक्षिणी गोलार्ध में स्थित है और दो मुख्य द्वीपों और कई छोटे द्वीपों से बना है। लगभग 400 किलोमीटर की अधिकतम चौड़ाई के साथ न्यूज़ीलैंड लंबा और संकीर्ण है, जिसका  लगभग 15,000 किमी का समुद्र तट है।","https://commons.wikimedia.org/wiki/File:Emerald_Lakes,_New_Zealand.jpg",कला ,"माओरी संस्कृति के पुनरुत्थान के हिस्से के रूप में, नक्काशी और बुनाई के पारंपरिक शिल्प अब अधिक व्यापक रूप से प्रचलित हैं और माओरी कलाकार संख्या और प्रभाव में बढ़ रहे हैं। 1960 और 1970 के दशक के दौरान कई कलाकारों ने पारंपरिक माओरी और पश्चिमी तकनीकों को जोड़ा, जिससे अद्वितीय कला रूपों का निर्माण हुआ।",https://commons.wikimedia.org/wiki/File:Hinepare.jpg,खेल ,"न्यूज़ीलैंड में खेले जाने वाले अधिकांश प्रमुख खेल ब्रिटिश मूल के हैं - क्रिकेट, रग्बी, आदि। रग्बी को राष्ट्रीय खेल माना जाता है। राष्ट्रीय रग्बी टीम, 'ऑल ब्लैक्स' अंतराष्ट्रीय रग्बी के इतिहास में सबसे सफल हैं और टीम अंतराष्ट्रीय मैचों से पहले, एक पारंपरिक माओरी चुनौती, एक हक्का का प्रदर्शन करती है। न्यूजीलैंड में एक मजबूत पर्वतारोहण परंपरा भी है, जैसा कि माउंट एवरेस्ट पर सर्वप्रथम चढ़ने वाले प्रतिष्ठित न्यूजीलैंड निवासी सर एडमंड हिलेरी की सफलता में प्रदर्शित होता है।",https://commons.wikimedia.org/wiki/File:Haka_2006.jpg,मनोरंजन ,"देश के विविध परिदृश्यों और सघन आकार, साथ ही सरकारी प्रोत्साहन, ने न्यूजीलैंड में बड़े बजट की फिल्म निर्माण की शूटिंग को प्रोत्साहित किया है, जिसमें अवतार, द लॉर्ड ऑफ द रिंग्स, द हॉबिट, द क्रॉनिकल्स ऑफ नार्निया, किंग कांग और द लास्ट समुराई शामिल हैं।",https://commons.wikimedia.org/wiki/File:Hobbit_holes_reflected_in_water.jpg,,,,"अंग्रेजी, माओरी, सामोन, हिंदी",ईसाई धर्म,49.00%,स्वयं को धर्म रहित घोषित किया,41.90%,,,,,,,,,,,,
G5,पाकिस्तान,https://en.wikipedia.org/wiki/File:Flag_of_Pakistan.svg,https://hi.wikipedia.org/wiki/%E0%A4%AA%E0%A4%BE%E0%A4%95%E0%A4%BF%E0%A4%B8%E0%A5%8D%E0%A4%A4%E0%A4%BE%E0%A4%A8,"पाकिस्तान, आधिकारिक तौर पर इस्लामिक गणराज्य, दक्षिण एशिया का एक देश है। यह दुनिया का छठा सबसे अधिक आबादी वाला देश है जिसकी जनसंख्या 212,742,631 से अधिक है।","स्वतंत्रता दिवस
",14 अगस्त 1947,"गणतंत्र दिवस
",23 March,,,"881,913 वर्ग किमी",212742631 (2017 की जनगणना),,इस्लामाबाद,कराची,यूटीसी+5,प्रारंभिक और मध्यकालीन युग,"2,800–1,800 ई.पू.","दक्षिण एशिया की कुछ प्राचीनतम प्राचीन सभ्यताएँ वर्तमान पाकिस्तान के क्षेत्रों से उत्पन्न हुई हैं। सिंधु क्षेत्र, हड़प्पा और मोहनजो-दारो में नियोलिथिक मेहरगढ़ और कांस्य युग सिंधु घाटी सभ्यता सहित कई अनुवर्ती प्राचीन संस्कृतियों का स्थल था।",वैदिक काल,1500–500 ई.पू.,"वैदिक काल की विशेषता एक इंडो-आर्यन संस्कृति से थी; इस अवधि के दौरान हिंदू धर्म से जुड़े सबसे पुराने शास्त्रों, वेद की रचना की गई थी, और यह संस्कृति बाद में इस क्षेत्र में अच्छी तरह से स्थापित हो गई। मौर्य साम्राज्य सहित क्रमिक प्राचीन साम्राज्यों और राज्यों ने इस क्षेत्र पर शासन किया।",प्राचीन साम्राज्य,500-100 ई.पू.,"मौर्य साम्राज्य सहित क्रमिक प्राचीन साम्राज्यों और राजाओं ने शासन किया। बैक्ट्रिया के डेमेट्रियस द्वारा स्थापित इंडो-ग्रीक साम्राज्य में गांधार और पंजाब शामिल थे, जिसने इस क्षेत्र में ग्रीको-बौद्ध संस्कृति को समृद्ध किया। तक्षशिला, दुनिया के शुरुआती विश्वविद्यालयों और उच्च शिक्षा के केंद्रों में से एक है, जो इस अवधि के दौरान स्थापित किया गया था।",मुगल काल,1526–1857 ईस्वी,"मुगलों ने क्षेत्र में इंडो-फारसी संस्कृति की जड़ें स्थापित करते हुए फारसी साहित्य और उच्च संस्कृति की शुरुआत की। 16वीं शताब्दी की शुरुआत में, यह क्षेत्र मुस्लिम सम्राटों द्वारा शासित मुगल साम्राज्य के अधीन रहा। 18वीं शताब्दी की शुरुआत में, बढ़ते यूरोपीय प्रभाव ने मुगल साम्राज्य के धीमे विघटन में योगदान दिया।",पाकिस्तान एक इस्लामी गणराज्य है और एक बहुदलीय संसदीय प्रणाली है। नेशनल असेंबली के सदस्य नागरिकों द्वारा चुने जाते हैं। प्रधान मंत्री बहुमत नियम पार्टी या राष्ट्रीय सभा में गठबंधन का नेता होता है।,इमरान खान ,https://commons.wikimedia.org/wiki/File:Mike_Pompeo_with_Imran_Khan_in_Islamabad_-_2018_(29559549217)_(cropped).jpg,आरिफ़ आलवी ,https://commons.wikimedia.org/wiki/File:President_of_Pakistan_Dr_Arif_Alvi.jpg,आसिफ सईद खान खोसा,,R8,O39,O28,"पाकिस्तान तीन प्रमुख भौगोलिक क्षेत्रों में विभाजित है: उत्तरी हाइलैंड्स, सिंधु नदी का मैदान और बलूचिस्तान का पठार।",https://commons.wikimedia.org/wiki/File:K2_2006b.jpg,साहित्य ,"पाकिस्तान में उर्दू, सिंधी, पंजाबी, पश्तो, बलूची, फारसी, अंग्रेजी और कई अन्य भाषाओं में साहित्य है। 19 वीं शताब्दी से पहले, पाकिस्तानी साहित्य में मुख्य रूप से गीत और धार्मिक कविताएं, और रहस्यमय और लोककथाएँ शामिल थीं। औपनिवेशिक काल के दौरान, मूल साहित्यिक हस्तियाँ पश्चिमी साहित्यिक यथार्थवाद से प्रभावित थीं और तीव्रता से विविध विषयों और कथा रूपों को अपनाया। समकालीन पाकिस्तानी उर्दू साहित्य में प्रसिद्ध हस्तियों में जोश मलीहाबादी, फ़ैज़ अहमद फैज़ और सदाअत हसन मिंटो शामिल हैं। ",https://commons.wikimedia.org/wiki/File:Faiz_Ahmed_Faiz_(cropped).jpg,स्थापत्य,"चार अवधियों को पाकिस्तानी वास्तुकला में मान्यता प्राप्त है: पूर्व-इस्लामिक, इस्लामी, औपनिवेशिक और औपनिवेशिक।-पश्चात। लाहौर, मुगल शासकों के सामयिक निवास के रूप में, में युग से कई महत्वपूर्ण इमारतें शामिल हैं। ब्रिटिश डिजाइन से प्रभावित वास्तुशिल्प के कई उदाहरण लाहौर, पेशावर और कराची में देखे जा सकते हैं।",https://commons.wikimedia.org/wiki/File:Lahore_Fort.jpg,संगीत ,"पाकिस्तान के संगीत में दक्षिण एशिया के विभिन्न हिस्सों के साथ-साथ मध्य एशियाई, मध्य पूर्वी और आधुनिक पश्चिमी लोकप्रिय संगीत के विविध संगीत शामिल हैं।",https://commons.wikimedia.org/wiki/File:Overload_Dhol_Player.jpg,खेल ,"पाकिस्तान में क्रिकेट सबसे लोकप्रिय खेल है, जबकि हॉकी, पोलो और स्क्वैश भी लोकप्रिय हैं। पारंपरिक खेल जैसे कबड्डी और अन्य प्रसिद्ध खेल भी खेले जाते हैं।",https://commons.wikimedia.org/wiki/File:Pakvaus.jpg,"उर्दू, पंजाबी, पश्तो, बालोची, सिंधी",इस्लाम,96.00%,हिंदू धर्म,1.85%,ईसाई धर्म,1.50%,अन्य,0.60%,,,,,,,,
G16,दिल्ली,https://commons.wikimedia.org/wiki/File:India_Gate_in_New_Delhi_03-2016.jpg,https://hi.wikipedia.org/wiki/%E0%A4%A6%E0%A4%BF%E0%A4%B2%E0%A5%8D%E0%A4%B2%E0%A5%80,"दिल्ली, आधिकारिक तौर पर दिल्ली का राष्ट्रीय राजधानी क्षेत्र (एनसीटी), एक शहर और भारत का एक केंद्र शासित प्रदेश है, जिसमें नई दिल्ली, भारत की राजधानी है।",,,,,,,1484 वर्ग किमी,"16,787,941",,,,यूटीसी+5:30,प्राचीन और प्रारंभिक मध्ययुगीन काल,6 वीं शताब्दी ई.पू.,कम से कम 6वीं शताब्दी ईसा पूर्व के बाद से दिल्ली में लगातार निवास का प्रमाण है। सबसे पुराने वास्तुशिल्प अवशेष मौर्य काल से मिलते हैं। दिल्ली में आठ प्रमुख शहरों के अवशेष खोजे गए हैं।,मध्ययुगीन काल,11वीं -14वीं शताब्दी ईस्वी,दिल्ली सल्तनत की नींव रखी गई थी। दिल्ली इस अवधि के दौरान सूफीवाद का एक प्रमुख केंद्र था।,मुग़ल काल,15वीं-18वीं सदी ईस्वी,बाबर ने भारत पर आक्रमण किया और दिल्ली और आगरा से शासन करने वाले मुगल साम्राज्य की स्थापना की।,उपनिवेश काल,19वीं शताब्दी,"1857 के सिपाही विद्रोह के दौरान, सीज ऑफ दिल्ली के नाम से जानी जाने वाली लड़ाई के बाद दिल्ली ईस्ट इंडिया कंपनी की सेनाओं के अधीन हो गई। यह शहर 1858 में ब्रिटिश सरकार के सीधे नियंत्रण में आ गया।","दिल्ली भारत के भीतर एक केंद्र शासित प्रदेश है, जिसकी अपनी विधानसभा, उच्च न्यायालय और एक मुख्यमंत्री की अध्यक्षता वाली एक कार्यकारी परिषद है।",,,,,,,R16,O4,O38,दिल्ली भारत के उत्तरी भाग में यमुना नदी के तट पर स्थित है।,https://commons.wikimedia.org/wiki/File:Delhi_aerial_photo_04-2016_img11.jpg,आर्किटेक्चर ,"भारतीय पुरातत्व सर्वेक्षण दिल्ली में 1,200 विरासत इमारतों और 175 स्मारकों को राष्ट्रीय धरोहर स्थलों के रूप में मान्यता देता है।","https://commons.wikimedia.org/wiki/File:Agrasen_ki_Baoli,_New_Delhi,_India_-_20070127.jpg",भोजन ,राजधानी के रूप में दिल्ली के लंबे इतिहास ने अपने निवासियों की भोजन की आदतों को कई समूहों द्वारा प्रभावित किया है जो सदियों से शहर पर कब्जा कर रहे रखे है ।,https://commons.wikimedia.org/wiki/File:Daulat_Chaat_in_Old_Delhi.JPG,नई दिल्ली विश्व पुस्तक मेला,प्रगति मैदान में द्विवार्षिक रूप से आयोजित नई दिल्ली विश्व पुस्तक मेला दुनिया में पुस्तकों की दूसरी सबसे बड़ी प्रदर्शनी है।,"https://commons.wikimedia.org/wiki/File:Pragati_Maidan,_inside_hall_18_(3).JPG",विश्व धरोहर स्थल,"तीन विश्व धरोहर स्थल- लाल किला, कुतुब मीनार और हुमायूँ का मकबरा- दिल्ली में स्थित हैं।","https://commons.wikimedia.org/wiki/File:Humayun%E2%80%99s_Tomb,_Delhi,_India.jpg","हिंदी, उर्दू, पंजाबी, अंग्रेजी",हिन्दू धर्म,81.68%,इस्लाम,12.86%,सिख धर्म,3.40%,जैन धर्म,0.99%,ईसाई धर्म,0.87%,बौद्ध धर्म,0.11%,अन्य या नहीं बताया गया,0.09%,,
G1,बैंगलोर,https://commons.wikimedia.org/wiki/File:Glasshouse_and_fountain_at_lalbagh.jpg,https://hi.wikipedia.org/wiki/%E0%A4%AC%E0%A4%82%E0%A4%97%E0%A4%B2%E0%A5%8C%E0%A4%B0,"बैंगलोर, जिसे आधिकारिक तौर पर बेंगलुरु के रूप में जाना जाता है, भारतीय राज्य कर्नाटक की राजधानी है। इसकी आबादी दस मिलियन से अधिक है, जो इसे एक मेगासिटी बनाता है और भारत में तीसरा सबसे अधिक आबादी वाला शहर और पांचवां सबसे अधिक आबादी वाला शहरी समूह है।",,,,,,,8005 वर्ग किमी,"10,456,000","बेंगलुरु, भारत की सिलिकॉन वैली, गार्डन सिटी",,,यूटीसी+5:30,प्रारंभिक और मध्यकालीन इतिहास,4000 ई.पू.,"2001 में भारत के जनहल्ली, सिढ़पुरा और जडीगेंहल्ली, जो आज बैंगलोर के बाहरी इलाके में स्थित हैं,में जनगणना के दौरान पाषाण युग की कलाकृतियों की खोज 4000 ईसा पूर्व के आसपास संभावित मानव बसाव की ओर इंगित करती है।",फाउंडेशन और शुरुआती आधुनिक इतिहास,1537,"आधुनिक बैंगलोर को 1537 में विजयनगर साम्राज्य के एक जागीरदार केम्पे गौड़ा प्रथम ने शुरू किया था, जिसने लोगों के लिए एक मिट्टी की ईंट का किला बनाया जो आधुनिक बैंगलोर का मध्य भाग बन गया।",परवर्ती आधुनिक और समकालीन इतिहास,19वीं सदी,"बैंगलोर मूल रूप से ""पीट"" के साथ एक जुड़वां शहर बन गया, जिसके निवासी मुख्य रूप से कन्नादिगा और अंग्रेजों द्वारा बनाई गई छावनी थी।",महात्मा गांधी का दौरा,1927,भारतीय स्वतंत्रता आंदोलन के दौरान बैंगलोर ने एक महत्वपूर्ण भूमिका निभाई। महात्मा गांधी ने 1927 और 1934 में शहर का दौरा किया और यहां जनसभाओं को संबोधित किया।,"ब्रुहट बेंगलुरु महानगर पालिक (बीबीएमपी, ग्रेटर बैंगलोर नगर निगम) शहर के नागरिक प्रशासन के प्रभारी हैं।",,,,,,,R6,O1,O29,"बैंगलोर की टोपोलॉजी आमतौर पर सपाट है, हालांकि शहर के पश्चिमी हिस्से पहाड़ी हैं। उच्चतम बिंदु विद्यारण्यपुरा डोड्डबेट्टाहल्ली है, जो 962 मीटर (3,156 फीट) है और शहर के उत्तर-पश्चिम में स्थित है।",https://commons.wikimedia.org/wiki/File:Aerial_view_of_Bangalore_in_2011_(13).jpg,भारत का गार्डन सिटी,"अपनी हरियाली, चौड़ी सड़कें और कई सार्वजनिक पार्कों की मौजूदगी के कारण बैंगलोर को ""भारत का गार्डन सिटी"" के नाम से जाना जाता है।",https://en.wikipedia.org/wiki/Lal_Bagh#/media/File:Glasshouse_and_fountain_at_lalbagh.jpg,कला और साहित्य ,केम्पे गौड़ा के द्वारा शहर की नींव रखने से पहले ही कन्नड़ साहित्य बैंगलोर में पनपता दिखाई देता है।,https://en.wikipedia.org/wiki/Kannada_literature#/media/File:Halmidi_OldKannada_inscription.JPG,यक्षगान,तटीय कर्नाटक की एक थिएटर कला अक्सर टाउन हॉल में प्रदर्शित की जाती है।,https://commons.wikimedia.org/wiki/File:Demon_Yakshagana.jpg,बैंगलोर कारगा  ,"बैंगलोर करगा, हिंदू देवी द्रौपदी को समर्पित बैंगलोर के सबसे महत्वपूर्ण और सबसे पुराना त्योहार है",https://commons.wikimedia.org/wiki/File:Huvina_Karaga.jpg,"जनगणना 2011 के अनुसार, कन्नड़ 46%, तमिल 13.99%, तेलुगु 13.89%, उर्दू 12%, हिंदी 5.4%, मलयालम 2.8%, मराठी 1.8%",हिंदू धर्म,78.87%,इस्लाम,13.90%,ईसाई धर्म,5.61%,जैन धर्म,0.97%,अन्य,0.65%,,,,,,
G2,मुंबई,https://commons.wikimedia.org/wiki/File:Victoria_Terminus_-_CST.JPG,https://hi.wikipedia.org/wiki/%E0%A4%AE%E0%A5%81%E0%A4%AE%E0%A5%8D%E0%A4%AC%E0%A4%88,"मुंबई, जिसे बॉम्बे के नाम से भी जाना जाता है, 1995 तक आधिकारिक नाम, भारतीय राज्य महाराष्ट्र की राजधानी है। 2011 तक यह भारत का सबसे अधिक आबादी वाला शहर है।",,,,,,,4355 वर्ग किमी,"20,748,395","मुंबई, सात द्वीप समूह के सिटी, सपनों की सिटी, गेटवे भारत को, भारत के हॉलीवुड",,,यूटीसी+5:30,आरंभिक इतिहास,अज्ञात,"मुंबई सात द्वीपों के एक द्वीपसमूह के रूप में बनाया गया था: आइल ऑफ बॉम्बे, परेल, मझगाँव, माहिम, कोलाबा, वर्ली, और ओल्ड वुमन आइलैंड (जिसे लिटिल कोलाबा के नाम से भी जाना जाता है)। यह सटीकता से ज्ञात नहीं है कि इन द्वीपों पर सर्वप्रथम निवास कब हुआ था।",पुर्तगाली,15वीं सदी,"पुर्तगाली सक्रिय रूप से बंबई में अपने रोमन कैथोलिक धार्मिक आदेशों की नींव रखने और वृद्धि में शामिल थे। उन्होंने विभिन्न नामों से द्वीपों को बुलाया, पर अंततः लिखित स्वरूप बॉम्बेम लिया गया।",अंग्रेजी शासन,17वीं सदी,"बंबई के लिए अंग्रेज पुर्तगालों के साथ लगातार संघर्षरत थे, क्योंकि उन्होंने एक सामरिक प्राकृतिक बंदरगाह और भूमि-हमलों से इसके प्राकृतिक अलगाव को पहचान लिया था। 17वीं शताब्दी के मध्य तक डच साम्राज्य की बढ़ती शक्ति ने अंग्रेज़ों को पश्चिमी भारत में एक स्टेशन प्राप्त करने के लिए मजबूर कर दिया।",स्वतंत्र भारत,1947,"1947 में भारत की स्वतंत्रता के बाद, भारत के अधीन आने वाले बॉम्बे प्रेसीडेंसी के क्षेत्र को बॉम्बे राज्य में पुनर्गठित किया गया था।","इसे ग्रेटर मुंबई नगर निगम (एमसीजीएम) (कभी-कभी बृहन्मुंबई नगर निगम के रूप में संदर्भित) द्वारा प्रशासित किया जाता है, जिसे पहले बॉम्बे नगर निगम (बीएमसी) के रूप में जाना जाता था। (एमसीजीएम)  महानगर की नागरिक और बुनियादी सुविधाओं की जरूरतों का प्रभारी है। मेयर को दो से ढाई साल के लिए अपने बीच के पार्षदों द्वारा अप्रत्यक्ष चुनाव के माध्यम से चुना जाता है।",,,,,,,R7,O3,O40,"मुंबई भारत के पश्चिमी तट पर उल्हास नदी के मुहाने पर स्थित है, जिसे कोंकण के नाम से जाना जाता है। यह साल्सेट द्वीप (साष्टी द्वीप) पर बैठता है, जिसे यह ठाणे जिले के साथ आंशिक रूप से साझा करता है। मुंबई पश्चिम में अरब सागर से घिरा हुआ है। शहर के कई हिस्से समुद्र तल से ठीक ऊपर हैं।",https://commons.wikimedia.org/wiki/File:Ghodbunder2.jpg,एशियाटिक सोसायटी ऑफ बॉम्बे,"एशियाटिक सोसाइटी ऑफ बॉम्बे, शहर के सबसे पुराने सार्वजनिक पुस्तकालयों में से एक है।",https://commons.wikimedia.org/wiki/File:Mumbai_03-2016_70_Asiatic_Society_Library.jpg,गिरगांव चौपाटी तट,मुंबई में समुद्र तट एक लोकप्रिय पर्यटक आकर्षण हैं।,https://en.wikipedia.org/wiki/Mumbai#/media/File:Chowpatti_Beach_(Girgaum_Chowpatty).jpg,ब्रेबॉर्न स्टेडियम,भारत के सबसे पुराने क्रिकेट स्टेडियमों में से एक है |,https://commons.wikimedia.org/wiki/File:Brabourne.jpg,सिनेमा,मुंबई भारतीय सिनेमा का जन्मस्थान है,https://commons.wikimedia.org/wiki/File:India_film_clapperboard_(variant).svg,"मुंबई में भारत के किसी भी अन्य महानगरीय शहर की तरह एक बड़ी आबादी है। भारत की सोलह प्रमुख भाषाएँ मुंबई में भी बोली जाती हैं, जिनमें सबसे आम मराठी है और इसकी बोली पूर्व भारतीय, हिंदी, गुजराती और अंग्रेजी है",हिंदू धर्म,65.99%,इस्लाम,20.65%,बौद्ध धर्म,4.85%,जैन धर्म,4.10%,ईसाई धर्म,3.27%,अन्य,1.15%,,,,
G4,ऑस्ट्रेलिया,https://commons.wikimedia.org/wiki/File:Flag_of_Australia_(converted).svg,https://hi.wikipedia.org/wiki/%E0%A4%91%E0%A4%B8%E0%A5%8D%E0%A4%9F%E0%A5%8D%E0%A4%B0%E0%A5%87%E0%A4%B2%E0%A4%BF%E0%A4%AF%E0%A4%BE,"ऑस्ट्रेलिया, आधिकारिक तौर पर ऑस्ट्रेलिया का राष्ट्रमंडल, एक संप्रभु देश है जिसमें ऑस्ट्रेलियाई महाद्वीप की मुख्य भूमि, तस्मानिया द्वीप और कई छोटे द्वीप शामिल हैं।",संघ संविधान,1 जनवरी 1901,वेस्टमिंस्टर दत्तक ग्रहण अधिनियम,9 अक्टूबर 1942 का क़ानून,आस्ट्रेलिया एक्ट ,3 मार्च 1986,7692024 वर्ग किमी,"25,346,300 (2019 अनुमान)",,कैनबरा,सिडनी,यूटीसी+8; +9.5; +10; ग्रीष्म यूटीसी+8; +9.5; +10; +10.5; +11,पूर्व-औपनिवेशिक इतिहास,"65,000 से 70,000 साल पहले","ऑस्ट्रेलियाई महाद्वीप की मानव बस्ती लगभग 65,000 से 70,000 साल पहले अब के दक्षिण-पूर्व एशिया में भूमि पुलों और छोटे समुद्री-क्रॉसिंग द्वारा लोगों के प्रवास के साथ शुरू हुई थी।",यूरोपीय आगमन,16वीं सदी,"ऑस्ट्रेलियाई मुख्य भूमि पर यूरोपीयों की उपस्थिति के पहले रिकॉर्ड, और (1606 में) ऑस्ट्रेलियाई महाद्वीप पर पहला रिकॉर्ड किए गए यूरोपीय लैंडफॉल के लिए डच को श्रेय दिया जाता है।",औपनिवेशिक विस्तार,1850 का समय,ऑस्ट्रेलिया में 1850 के दशक की शुरुआत में सोने के लिए एक दौड़ शुरू हुई और 1854 में खनन लाइसेंस फीस के खिलाफ यूरेका विद्रोह सविनय अवज्ञा की प्रारंभिक अभिव्यक्ति थी।,राष्ट्रीयता,1900 का समय,"1 जनवरी 1901 को, एक दशक की योजना, परामर्श और मतदान के बाद कॉलोनियों के महासंघ की स्थापना हुई। इसने ब्रिटिश साम्राज्य के प्रभुत्व में ऑस्ट्रेलिया के राष्ट्रमंडल की स्थापना की।","ऑस्ट्रेलिया एक संघीय संसदीय संवैधानिक राजतंत्र है। एलिजाबेथ द्वितीय ने ऑस्ट्रेलिया की रानी के रूप में शासन किया। चूंकि वह यूनाइटेड किंगडम में रहती है, इसलिए उसका प्रतिनिधित्व ऑस्ट्रेलिया में संघीय स्तर पर गवर्नर-जनरल और राज्य स्तर पर राज्यपालों द्वारा किया जाता है, जो उसके मंत्रियों की सलाह पर कन्वेंशन एक्ट द्वारा किया जाता है।",स्कॉट मॉरिसन ,https://commons.wikimedia.org/wiki/File:Scott_Morrison_2014_(cropped).jpg,,,गवर्नर जनरल पीटर कॉसग्रोव,https://commons.wikimedia.org/wiki/File:Peter_Cosgrove_2017_(1)_crop.jpg,R2,O26,O25," हिन्द और प्रशांत महासागरों से घिरा, ऑस्ट्रेलिया दुनिया का सबसे छोटा महाद्वीप और कुल क्षेत्रफल में छठा सबसे बड़ा देश है। अपने आकार और अलगाव के कारण, इसे अक्सर ""द्वीप महाद्वीप"" कहा जाता है, और कभी-कभी दुनिया का सबसे बड़ा द्वीप माना जाता है।",https://commons.wikimedia.org/wiki/File:The_great_dividing_range.jpg,कला ,मेलबोर्न में रॉयल प्रदर्शनी भवन 2004 में यूनेस्को की विश्व धरोहर स्थल के रूप में सूचीबद्ध होने वाली ऑस्ट्रेलिया की पहली इमारत थी।,https://commons.wikimedia.org/wiki/File:Royal_exhibition_building_tulips_straight.jpg,भोजन ,"वेजेमाइट, पावलोवा, लैमिंगटन और मांस पाईस प्रतिष्ठित ऑस्ट्रेलियाई खाद्य पदार्थ मानी जाती हैं।",https://en.wikipedia.org/wiki/Australia#/media/File:Pavlova_garnished_with_cream_and_strawberries.jpg,खेल और मनोरंजन ,मेलबर्न क्रिकेट मैदान ऑस्ट्रेलिया के दो सबसे लोकप्रियदेखे जाने वाले खेलों  क्रिकेट और ऑस्ट्रेलियाई रूल्स फुटबॉल के इतिहास और विकास से दृढ़ता से जुड़ा हुआ है।,https://commons.wikimedia.org/wiki/File:AFL_Grand_Final_2010_on_the_Melbourne_Cricket_Ground.jpg,साहित्य ,"एटेल टर्नर द्वारा सेवन लिटिल ऑस्ट्रेलियन, एक ऑस्ट्रेलियाई लेखक की पहली और एकमात्र पुस्तक है जो 100 वर्षों से लगातार छपाई में है।",https://commons.wikimedia.org/wiki/File:SevenLittleAustralians16thEdnCvr.jpg,"हालाँकि ऑस्ट्रेलिया की कोई आधिकारिक भाषा नहीं है, फिर भी अंग्रेजी वास्तव में राष्ट्रीय भाषा के रूप में जाना जाता है। ऑस्ट्रेलियाई अंग्रेजी व्याकरण और वर्तनी में अंग्रेजी की अन्य किस्मों से थोड़ा भिन्न है",कोई धर्म नहीं,30.10%,रोमन कैथोलिक,22.60%,अन्य ईसाई,18.70%,एंग्लिकन,13.30%,इस्लाम,2.60%,बौद्ध धर्म,2.40%,यहूदी धर्म,0.40%,अनिर्धारित या नहीं बताया गया,9.10%
G11,चेन्नई,https://commons.wikimedia.org/wiki/%E0%AE%9A%E0%AF%86%E0%AE%A9%E0%AF%8D%E0%AE%A9%E0%AF%88#/media/File:MylaporeKapaleeshwararTemple.jpg,https://hi.wikipedia.org/wiki/%E0%A4%9A%E0%A5%87%E0%A4%A8%E0%A5%8D%E0%A4%A8%E0%A4%88,"चेन्नई के पल्लवराम के पास पाषाण युग के औजार पाए गए हैं। भारतीय पुरातत्व सर्वेक्षण के अनुसार पल्लवराम एक महापाषाणकालीन सांस्कृतिक प्रतिष्ठान था, और पूर्व-ऐतिहासिक समुदाय के लोग बस्ती में रहते थे।",,,,,,,,"4,646,732",मद्रास,,,यूटीसी+5:30,पाषाण काल,,"चेन्नई के पल्लवराम के पास पाषाण युग के औजार पाए गए हैं। भारतीय पुरातत्व सर्वेक्षण के अनुसार पल्लवराम एक महापाषाणकालीन सांस्कृतिक प्रतिष्ठान था, और पूर्व-ऐतिहासिक समुदाय के लोग बस्ती में रहते थे।",,प्रथम शताब्दी ई.पू.,पहली से बारहवीं शताब्दी तक वर्तमान तमिलनाडु और दक्षिण भारत के कुछ हिस्सों पर चोलों का शासन था।,यूरोपीयनों का आगमन,1522,"पुर्तगाली पहली बार सन 1522 में पहुंचे और ईसाई धर्म प्रचारक सेंट थॉमस के आने के बाद साओ टोमे नामक एक बंदरगाह का निर्माण किया गया, जिनके बारे में माना जाता है कि उन्होंने 52 से 70 ई.पू. के बीच के क्षेत्र में प्रचार किया था। 1612 में डचों ने चेन्नई के उत्तर में पुलीकट के पास खुद को स्थापित किया था।",,18वीं शतब्दी,18वीं शताब्दी तक अंग्रेजों ने तमिलनाडु के आसपास के अधिकांश क्षेत्र और आंध्र प्रदेश और कर्नाटक के उत्तरी आधुनिक राज्यों को जीत लिया था। मद्रास के साथ मद्रास प्रेसीडेंसी को राजधानी के रूप में स्थापित किया गया। धीरे-धीरे यह शहर एक प्रमुख नौसैनिक अड्डे के रूप में विकसित हुआ और दक्षिण भारत में अंग्रेजों का केंद्रीय प्रशासनिक केंद्र बन गया।,"चेन्नई शहर ग्रेटर चेन्नई निगम (पूर्व में ""मद्रास निगम"") द्वारा प्रशासित है, जिसे 1688 में स्थापित किया गया था। यह भारत में सबसे पुराना स्रक्रिय नगर निगम और दुनिया में दूसरा सबसे पुराना सक्रिय निगम है।",,,,,,,R5,O2,O20,"चेन्नई तमिलनाडु के उत्तर-पूर्वी भाग में भारत के दक्षिण-पूर्वी तट पर स्थित है, जहाँ पूर्वी तटीय मैदान को पूर्वी तटीय मैदान के रूप में जाना जाता है।",https://commons.wikimedia.org/wiki/File:Chennai_80.26884E_13.04434N.jpg,संग्राहल और कला दीर्घा,"चेन्नई कई संग्रहालयों, दीर्घाओं और अन्य संस्थानों का घर है। इनमें से कइयों में प्रवेश शुल्क नहीं लगता है। इससे अधिकतर पर्यटक ना केवल इनकी ओर आकर्षित हो रहे हैं, बल्कि एक शोधकर्ता की भूमिका भी निभा रहे हैं।",https://commons.wikimedia.org/wiki/File:Chennai_National_Art_Gallery.jpg,कला प्रदर्शन,एक कला उत्सव जिसे चेन्नई संगमम भी कहा जाता है। इसमें न केवल तमिलनाडु की ही विभिन्न कलाएं दिखती बल्कि पड़ोसी राज्यों की कलाओं का भी प्रदर्शन किया जाता है। इनमें कलारी (केरल से) जो हर साल जनवरी में एक प्रमुख आकर्षण होता है।,https://commons.wikimedia.org/wiki/File:Bharatanatyam_danseuse.jpg,,,,,,,तमिल,हिंदू धर्म,80.70%,इस्लाम,9.50%,ईसाई धर्म,7.70%,जैन धर्म,1.10%,सिख धर्म,0.1,बौद्ध धर्म,<0.1%,कोई धर्म नहीं,0.80%,,
G12,कोलकाता,https://en.wikipedia.org/wiki/Kolkata#/media/File:Vidyasagar_Setu_-_River_Hooghly_2014-01-01_1889.JPG,https://hi.wikipedia.org/wiki/%E0%A4%95%E0%A5%8B%E0%A4%B2%E0%A4%95%E0%A4%BE%E0%A4%A4%E0%A4%BE,कोलकाता के उत्तर में 35 किलोमीटर (22 मील) दूर स्थित चन्द्रकेतुगढ़ की खोज और पुरातात्विक अध्ययन में इस बात के प्रमाण मिले हैं कि यह शहर जिस क्षेत्र में स्थित है वह दो सहस्राब्दियों से बसा हुआ है।,,,,,,,205,"4,496,694",कलकत्ता,,,यूटीसी+5:30,,,कोलकाता के उत्तर में 35 किलोमीटर (22 मील) दूर स्थित चन्द्रकेतुगढ़ की खोज और पुरातात्विक अध्ययन में इस बात के प्रमाण मिले हैं कि यह शहर जिस क्षेत्र में स्थित है वह दो सहस्राब्दियों से बसा हुआ है।,अंग्रेजों का आगमन,1690,"कोलकाता का आधिकारिक इतिहास 1690 में अंग्रेजी ईस्ट इंडिया कंपनी के आगमन के साथ शुरू हुआ, जो बंगाल में अपने व्यापार को मजबूत कर रहा था। वर्तमान शहर के अधिकार क्षेत्र में तब के तीन गांव शामिल हैं: कालिकाता, गोबिंदपुर और सुतनुती।",,1712-1793,सन 1712 में अंग्रेजों ने अपने व्यापारिक कारखानों की सुरक्षा के लिए हुगली नदी के पूर्वी तट पर स्थित फोर्ट विलियम का निर्माण पूरा करा दिया। सन 1793 में नवाबों की सत्तारूढ़ शक्ति को समाप्त कर दिया गया और ईस्ट इंडिया कंपनी ने शहर और प्रांत पर पूरी तरह से नियंत्रण कर लिया।,,1850 का दशक,"वर्ष 1850 के दशक तक कलकत्ता के दो क्षेत्र थे: व्हाइट टाउन, जो मुख्य रूप से ब्रिटिश था और चौरंगी और डलहौजी स्क्वायर पर केंद्रित था। इसी तरह ब्लैक टाउन मुख्य रूप से भारतीय और उत्तरी कलकत्ता पर केंद्रित था। 1850 के दशक की शुरुआत में शहर में विशेषकर कपड़ा और जूट उद्योगों में तेजी से औद्योगिक विकास हुआ। इसने ब्रिटिश कंपनियों को बुनियादी ढांचा परियोजनाओं में बड़े पैमाने पर निवेश करने के लिए प्रोत्साहित किया। जिसमें टेलीग्राफ संयोजन और हावड़ा रेलवे स्टेशन शामिल थे।","कोलकाता को कई सरकारी संस्थाओं द्वारा प्रशासित किया जाता है। कोलकाता नगर निगम या केएमसी शहर के 15 नगरों की बुनियादी नागरिक सुविधाओं की देखरेख और प्रबंधन करता है, जिनमें करीब 141 वार्ड शामिल होत हैं। [110] प्रत्येक वार्ड में केएमसी के लिए एक पार्षद का चुनाव किया जाता है।",,,,,,,R10,O8,O19,हुगली नदी के पूर्वी तट के साथ लगभग उत्तर-दक्षिण में फैला कोलकाता पूर्वी भारत के निचले गंगा डेल्टा क्षेत्र में बांग्लादेश के साथ लगने वाली अंतरराष्ट्रीय सीमा के करीब 75 किमी (47 मील) पश्चिम में स्थित है।,https://commons.wikimedia.org/wiki/File:Howrah_Bridge_from_the_western_bank_of_the_Ganges.jpg,कला,"कोलकाता को ""तीव्र रचनात्मक ऊर्जा का शहर"" [209] के साथ-साथ ""भारत की सांस्कृतिक [या साहित्यिक] राजधानी"" कहा जाता है।",https://commons.wikimedia.org/wiki/File:Victoria_Memorial_at_night.jpg,"
वास्तु-कला","कोलकाता में इंडो-इस्लामिक और इंडो-सारासेनिक वास्तुशिल्प से सजी कई इमारतें हैं। औपनिवेशिक काल में बेहतरीन तरीके से बनाई गई कई इमारतों को ""विरासत संरचनाएं"" घोषित किया गया है।",https://commons.wikimedia.org/wiki/File:Indian_Museum_Interior_View.jpg,फिल्म,"कोलकाता बंगाली सिनेमा उद्योग का घर है, और टॉलीगंज  स्थान के नाम पर यहां के फिल्म उद्योग को ""टॉलीवुड""  कहा जाता है। इसके लिए राज्य में अधिकांश फिल्म स्टूडियो स्थित हैं।",https://commons.wikimedia.org/wiki/File:RZ_Shimokitazawa_Tollywood_B.jpg,परिधान,"आमतौर पर बंगाली महिलाएं पारंपरिक रूप से साड़ी ही पहनती हैं। युवा महिलाओं में सलवार-कमीज और पश्चिमी पोशाक का चलन बढ़ रहा है।पश्चिमी शैली की पोशाक पुरुषों में अधिक प्रचलित है, हालांकि त्योहारों के दौरान पारंपरिक धोती और कुर्ता ही पहना जाता है।",https://commons.wikimedia.org/wiki/File:A_Day_Out_With_Friends_(12300991844).jpg,बंगाली,हिंदू धर्म,76.51%,इस्लाम,20.60%,ईसाई धर्म,0.88%,0.47,1.10%,सिख या बौद्ध धर्म,0.45%,कोई धर्म नहीं,1.09%,,,,
G13,हैदराबाद,https://commons.wikimedia.org/wiki/Category:Hyderabad#/media/File:Charminar_(6327091321).jpg,https://hi.wikipedia.org/wiki/%E0%A4%B9%E0%A5%88%E0%A4%A6%E0%A4%B0%E0%A4%BE%E0%A4%AC%E0%A4%BE%E0%A4%A6,पुरातत्वविदों ने शहर के पास खुदाई में लौह युग के स्थलों का पता लगाया है जो 500 ईसा पूर्व के हो सकते हैं।,,,,,,,650,"6,809,970",,,,यूटीसी+5:30,प्रारंभिक और मध्यकालीन इतिहास,500 ई.पू.,पुरातत्वविदों ने शहर के पास खुदाई में लौह युग के स्थलों का पता लगाया है जो 500 ईसा पूर्व के हो सकते हैं।,आधुनिक इतिहास,,सन 1874 तक हैदराबाद में कोई भी आधुनिक उद्योग नहीं था। 1880 के दशक में रेलवे की शुरुआत के साथ ही हुसैन सागर झील के दक्षिण और पूर्व में चार कारखाने बनाए गए थे। [27] और 20वीं शताब्दी की शुरुआत में हैदराबाद एक आधुनिक शहर में बदल गया था।,आजादी के बाद,1950,26 जनवरी 1950 को लागू हुए भारत के संविधान ने हैदराबाद राज्य को भारत के भाग बी श्रेणी राज्यों में से एक बना दिया। इसके साथ ही हैदराबाद शहर राजधानी भी बना रहा।,,1 नवम्बर 1956,"1 नवंबर 1956 को भारत के राज्यों को भाषा के आधार पर पुनर्गठित किया गया था। हैदराबाद राज्य को तीन भागों में विभाजित किया गया था, जिसे पड़ोसी राज्यों के साथ मिलाकर महाराष्ट्र, कर्नाटक और आंध्र प्रदेश के आधुनिक राज्यों का गठन किया गया था।","ग्रेटर हैदराबाद नगर निगम (जीएचएमसी) शहर के 30 ""मंडलों"" बुनियादी नागरिक सुविधाओं की देखरेख करता है। इन मंडलों में 150 नगरपालिका बार्ड शामिल किए जाते हैं।",,,,,,,R12,O15,O26,"दक्षिण-पूर्वी भारत में तेलंगाना के दक्षिणी भाग में स्थित हैदराबाद, दिल्ली से 1,566 किलोमीटर दक्षिण में, मुंबई से 699 किलोमीटर दक्षिण-पूर्व में तथा सड़क मार्ग द्वारा 570 किलोमीटर बैंगलोर के उत्तर में है।",https://commons.wikimedia.org/wiki/File:Hussainsagar_hyd.jpg,साहित्य,"साहित्य की उन्नति में लगे संगठनों में साहित्य अकादमी, उर्दू अकादमी, तेलुगु अकादमी, उर्दू भाषा को बढ़ावा देने के लिए राष्ट्रीय परिषद, भारत का तुलनात्मक साहित्य संघ और आंध्र सारस्वत परिषद शामिल हैं।",https://commons.wikimedia.org/wiki/File:Sahitya_Akademi_Regional_Office_Banglore.jpg,संगीत और फिल्में,"राज्य सरकार संगीत के विकास को प्रोत्साहित करने के लिए गोलकोंडा संगीत और नृत्य महोत्सव, तारामती संगीत महोत्सव और प्रेमवती नृत्य महोत्सव का आयोजन करती है।",https://commons.wikimedia.org/wiki/File:Kuchipudi_Performer_DS.jpg,कला और हस्तशिल्प,"यह क्षेत्र अपनी गोलकोंडा और हैदराबाद 
चित्रकारी शैलियों के लिए प्रसिद्ध है, जो डेक्कानी चित्रकारी  की शाखाएं हैं।","https://commons.wikimedia.org/wiki/File:Water_pipe_base,_Bidriware,_Hyderabad,_India.jpg",भोजन,"हैदराबादी व्यंजनों में चावल, गेहूं और मांस के व्यंजनों का व्यापक चलन और विभिन्न मसालों का कुशल उपयोग शामिल है।",https://commons.wikimedia.org/wiki/File:Hyderabadi_biryani_(406687573).jpg,"तेलुगू, उर्दू",हिंदू धर्म,64.90%,इस्लाम,30.10%,ईसाई धर्म,2.80%,जैन धर्म,0.30%,सिख धर्म,0.30%,बौद्ध धर्म,0.10%,कोई धर्म नहीं,1.50%,,
G15,मोहाली,https://en.wikipedia.org/wiki/File:ISB%27s_Mohali_Campus.jpg,https://hi.wikipedia.org/wiki/%E0%A4%85%E0%A4%9C%E0%A5%80%E0%A4%A4%E0%A4%97%E0%A4%A2%E0%A4%BC,यह क्षेत्र सिंधु घाटी सभ्यता का भी एक हिस्सा माना जाता था।,,,,,,,,,साहिबजादा अजीत सिंह नगर,,,यूटीसी+5:30,आरंभिक इतिहास,3000 ई.पू.,यह क्षेत्र सिंधु घाटी सभ्यता का भी एक हिस्सा माना जाता था।,पूर्व-औपनिवेशिक इतिहास,18वीं शतब्दी,मोहाली गांव सिख साम्राज्य का एक हिस्सा था। यहां अंग्रेजों और सिख सैनिकों के बीच एक लड़ाई हुई थी।,आधुनिक इतिहास,20वीं शताब्दी,मोहाली गांव के आस-पास के क्षेत्र को चंडीगढ़ के करीब एक औद्योगिक एस्टेट के रूप में विकसित किया गया था। 1975 में मोहाली टाउनशिप की नींव रखी गई थी।,,,,मोहाली में नागरिक प्रशासन एसएएस नगर निगम के अधीन आता है।,,,,,,,R9,O18,,,,खेल,मोहाली में 8 बहुउद्देशीय खेल परिसर और एक अंतरराष्ट्रीय क्रिकेट स्टेडियम है।,"https://commons.wikimedia.org/wiki/File:PCA_Stadium,_Mohali_1.jpg",तीर्थ यात्रा,"गुरुद्वारा अंब साहिब एक ऐतिहासिक तीर्थ स्थान है जो मोहाली में स्थित है। यह सिखों के 7वें गुरु, गुरु हर राय की यात्रा की स्मृति में है।",https://commons.wikimedia.org/wiki/File:Guru_Har_Rai.jpg,,,,,,,"पंजाबी, हिन्दी",Sikh,51.53%,हिंदू धर्म,45.55%,इस्लाम,1.68%,ईसाई धर्म,0.79%,,,,,,,,
G17,रांची,https://commons.wikimedia.org/wiki/File:Tagore_hill_Ranchi.jpg,https://hi.wikipedia.org/wiki/%E0%A4%B0%E0%A4%BE%E0%A4%81%E0%A4%9A%E0%A5%80,मगध साम्राज्य ने इस क्षेत्र पर अप्रत्यक्ष रूप से अधिकार जमाने का प्रयास किया गया जो आज के समय में रांची में है।,,,,,,,"1,295 वर्ग किमी (500 वर्ग मील)","1,073,440",,,,यूटीसी+5:30,आरंभिक काल,600 ई.पू.,मगध साम्राज्य ने इस क्षेत्र पर अप्रत्यक्ष रूप से अधिकार जमाने का प्रयास किया गया जो आज के समय में रांची में है।,मुग़ल काल,16वीं शताब्दी,"मुगल साम्राज्य के विस्तार के दौरान स्थानीय राज्यों के राजाओं की संप्रभुता प्रभावित हुई थी, लेकिन उन्होंने इस क्षेत्र पर शासन करना जारी रखा था।",पूर्व-औपनिवेशिक काल,18वीं शतब्दी,सन 1764 में बक्सर की लड़ाई के बाद इस क्षेत्र के नागवंशी राजा ईस्ट इंडिया कंपनी के जागीरदार बन गए।,औपनिवेशिक काल,19वीं शताब्दी,ब्रिटिश राज की अवधि के दौरान इस क्षेत्र में कई बगावत और विद्रोह हुए। इनमें बिरसा मुंडा ने प्रमुख भूमिका निभाई थी।,रांची को रांची नगर निगम द्वारा प्रशासित किया जाता है।,,,,,,,,O2,,,,खेल,"रांची कई खेल गतिविधियों का केंद्र है। इसमें क्रिकेट, हॉकी और फुटबॉल शामिल हैं। वर्ष 2011 में यहां राष्ट्रीय खेल आयोजित किए गए थे।",https://commons.wikimedia.org/wiki/File:JSCA_cricket_stadium_Entrance.jpg,,,https://commons.wikimedia.org/wiki/File:Cool_Maal_launches_official_merchandise_of_Mahendra_Singh_Dhoni.jpg,,,,,,,"हिंदी, नागपुरी, मुंडारी, खोरठा और कुरमाली",हिंदू धर्म,64.31%,इस्लाम,16.42%,No religion,9.72%,ईसाई धर्म,8.52%,सिख धर्म,0.39%,जैन धर्म,0.22%,बौद्ध धर्म,0.06,,
G18,चंडीगढ़,"https://commons.wikimedia.org/wiki/File:The_Open_Hand_Monument,_Capitol_Complex,_Chandigarh.jpg",https://hi.wikipedia.org/wiki/%E0%A4%9A%E0%A4%A3%E0%A5%8D%E0%A4%A1%E0%A5%80%E0%A4%97%E0%A4%A2%E0%A4%BC,चंडीगढ़ क्षेत्र को सिंधु घाटी सभ्यता के काल से ही बसा हुआ माना जाता है।,,,,,,,114 वर्ग किमी (44 वर्ग मील),"1,055,450",,,,यूटीसी+5:30,आरंभिक इतिहास,3000 ई.पू.,चंडीगढ़ क्षेत्र को सिंधु घाटी सभ्यता के काल से ही बसा हुआ माना जाता है।,औपनिवेशिक काल,20वीं शताब्दी,भारत के विभाजन के बाद पंजाब राज्य की पहले की राजधानी लाहौर पाकिस्तान का हिस्सा बन गई थी। चंडीगढ़ को वर्ष 1960 में पंजाब की और नए राज्य हरियाणा की राजधानी बनाया गया जिसका निर्माण 1966 में किया गया था।,आधुनिक भारत,20वीं शताब्दी,"चंडीगढ़ को आधुनिक वास्तुकला, हरे भरे स्थानों, पड़ोसियों और यातायात पृथक्करण के साथ एक नियोजित शहर के रूप में विकसित किया गया था।",,,,चंडीगढ़ एक केंद्र शासित प्रदेश है और केंद्र सरकार द्वारा नियंत्रित है।,,,,,,,R9,O6,O18,,,स्थापत्य,शहर का मास्टर प्लान स्विस-फ्रांसीसी वास्तुकार ले कोर्बुसियर द्वारा तैयार किया गया था। उन्होंने शहर में कई प्रतिष्ठित इमारतों और स्मारकों को भी डिजाइन किया था।,https://commons.wikimedia.org/wiki/File:Palace_of_Assembly_Chandigarh_2006.jpg,त्योहार,चंडीगढ़ में मनाए जाने वाले कई त्योहारों में हर साल फरवरी में ज़ाकिर हुसैन रोज़ गार्डन में आयोजित रोज़ फेस्टिवल प्रमुख है। इसमें गुलाब की हजारों उप-प्रजातियां दिखाई देती हैं।,https://commons.wikimedia.org/wiki/File:Zakir_Hussain_Rose_Garden_20180907_155253.jpg,,,,,,,"पंजाबी, हिन्दी, उर्दू",हिंदू धर्म,80.78%,Sikhism,13.11%,इस्लाम,4.87%,ईसाई धर्म,0.83%,जैन धर्म,0.19%,बौद्ध धर्म,0.11%,कोई धर्म नहीं,0.10%,,
G14,जयपुर,https://en.wikipedia.org/wiki/Jaipur#/media/File:Amber_Fort_(%E0%A4%86%E0%A4%AE%E0%A5%87%E0%A4%B0_%E0%A4%95%E0%A4%BE_%E0%A4%95%E0%A4%BF%E0%A4%B2%E0%A4%BE_).jpg,https://hi.wikipedia.org/wiki/%E0%A4%9C%E0%A4%AF%E0%A4%AA%E0%A5%81%E0%A4%B0,जयपुर शहर की स्थापना आमेर के राजा जयसिंह द्वितीय सन ने 1727 में की थी। उन्होंने सन 1699 से 1743 तक इस पर शासन किया था।,,,,,,,467 वर्ग किमी,"3,046,189",,,,यूटीसी+5:30,जयपुर के संस्थापक,1727,जयपुर शहर की स्थापना आमेर के राजा जयसिंह द्वितीय सन ने 1727 में की थी। उन्होंने सन 1699 से 1743 तक इस पर शासन किया था।,शहर का निर्माण,1726,"शहर का निर्माण 1726 में शुरू हुआ और प्रमुख सड़कों, कार्यालय और महलों को पूरा करने में चार साल लग गए। शहर को नौ खंडों में विभाजित किया गया था, जिनमें से दो में राजकीय इमारतें और महल थे तथा शेष सात खंड जनता को आवंटित किए गए थे। विशाल प्राचीर का निर्माण किया गया था, जिसमें सात किलेबंद द्वार थे।",तीव्र विकास,19वीं शताब्दी,"19वीं शताब्दी में शहर तीव्र गति से विकसित हुआ और सन 1900 तक इसकी आबादी 160,000 पहुंच गई थी।",,,,जयपुर नगर निगम शहर की नागरिक सुविधाओं को बनाए रखने और संबंधित प्रशासनिक कर्तव्यों को पूरा करने के लिए जिम्मेदार है। नगर निगम का नेतृत्व महापौर करता है।,,,,,,,R11,O16,O31,जयपुर की जलवायु गर्म अर्ध शुष्क है। यहां प्रतिवर्ष औसतन 63 सेमी से अधिक बारिश होती है। ज्यादातर बारिश मानसून के महीनों में जून और सितंबर के बीच होती है।,https://commons.wikimedia.org/wiki/File:Jaipur_city_from_Nahargarh.jpg,जवाहर कला केन्द्र,जवाहर कला केंद्र (जेकेके) भारत के जयपुर में स्थित एक बहु कला केंद्र है। इसका निर्माण राजस्थान सरकार द्वारा राजस्थानी कला और शिल्प के संरक्षण के उद्देश्य से किया गया था।,https://commons.wikimedia.org/wiki/File:JKK_08.jpg,भारतीय शास्त्रीय नृत्य - कथक,"कथक का जयपुर घराना अपने तीव्र जटिल नृत्य रूपों, जीवंत शरीर भंगिमाओं और सूक्ष्म अभिनय के लिए जाना जाता है।",https://commons.wikimedia.org/wiki/File:Arushi_Nishank_2011.jpg,भोजन,"पारम्परिक व्यंजनों में दाल बाटी चूरमा, एक भारतीय व्यंजन जिसमें दाल (मसूर की दाल) और बाटी (कठोर गेहूं आटा रोल) शामिल हैं।",https://commons.wikimedia.org/wiki/File:DalBati.jpg,राजस्थानी संस्कृति,शहर के चारों ओर राजस्थानी संस्कृति को दर्शाती प्रतिमाएँ स्थित हैं।,https://en.wikipedia.org/wiki/File:Rajasthani_Dolls.JPG,"जयपुर की आधिकारिक भाषा हिंदी है और अतिरिक्त आधिकारिक भाषा अंग्रेजी है। शहर की मुख्य भाषा राजस्थानी है। शहर में मारवाड़ी, हिंदी और अंग्रेजी भी बोली जाती हैं।",हिंदू धर्म,77.90%,इस्लाम,18.60%,जैन धर्म,2.40%,अन्य,1.20%,,,,,,,,